Description,Price,Link,Image,Date,Model,Memory
"Apple Iphone 12 Pro Max - 6.7-Inch - 128Gb Rom, 6Gb Ram - Ios 14",880000,https://www.jumia.com.ng//apple-iphone-12-pro-max-6.7-inch-128gb-rom-6gb-ram-ios-14-252751565.html,https://ng.jumia.is/unsafe/fit-in/300x300/filters:fill(white)/product/56/5157252/1.jpg?1082,2025-03-13,iphone 12 pro,128GB
"Apple Iphone 15 Pro Max 6.7"" 512Gb Nano-Sim 5G - Natural Titanium",2000000,https://www.jumia.com.ng//apple-iphone-15-pro-max-6.7-512gb-nano-sim-5g-natural-titanium-382455486.html,https://ng.jumia.is/unsafe/fit-in/300x300/filters:fill(white)/product/68/4554283/1.jpg?3620,2025-03-13,iphone 15 pro max,512GB
"Apple Iphone 11 6.1-Inch Liquid Retina Lcd (4Gb Ram, 64Gb Rom) Ios 13, (12Mp+12Mp)+12Mp 4G Lte Smartphone-Nano Sim-Purple",755000,https://www.jumia.com.ng//apple-iphone-11-6.1-inch-liquid-retina-lcd-4gb-ram-64gb-rom-ios-13-12mp12mp12mp-4g-lte-smartphone-nano-sim-purple-104448856.html,https://ng.jumia.is/unsafe/fit-in/300x300/filters:fill(white)/product/65/8844401/1.jpg?7044,2025-03-13,iphone 11,64GB
Apple Iphone 16 Pro Max - 256Gb - Black Titanium,2100999,https://www.jumia.com.ng//apple-iphone-16-pro-max-256gb-black-titanium-384830549.html,https://ng.jumia.is/unsafe/fit-in/300x300/filters:fill(white)/product/94/5038483/1.jpg?5521,2025-03-13,iphone 16 pro max,256GB
"Apple Iphone 13 Pro 5G - 6.1"" 128Gb Rom, 6Gb Rom - Silver",950000,https://www.jumia.com.ng//apple-iphone-13-pro-5g-6.1-128gb-rom-6gb-rom-silver-271864427.html,https://ng.jumia.is/unsafe/fit-in/300x300/filters:fill(white)/product/72/4468172/1.jpg?6190,2025-03-13,iphone 13 pro,128GB
"Apple Iphone 12, 6.1-Inch 128Gb Rom 5G - Pacific Blue",755000,https://www.jumia.com.ng//iphone-12-6.1-inch-128gb-rom-5g-pacific-blue-apple-mpg1775182.html,https://ng.jumia.is/unsafe/fit-in/300x300/filters:fill(white)/product/26/0844801/1.jpg?7290,2025-03-13,iphone 12,128GB
"Apple Iphone 11 Pro Max 6.5-Inch Super Retina (4Gb Ram, 64Gb Rom),Ios 4G Lte Smartphone - Gold",755000,https://www.jumia.com.ng//iphone-11-pro-max-6.5-inch-4gb-ram-64gb-rom-4g-gold-apple-mpg4135278.html,https://ng.jumia.is/unsafe/fit-in/300x300/filters:fill(white)/product/81/7335121/1.jpg?5894,2025-03-13,iphone 11 pro max,64GB
"Apple Iphone 15 Pro Max 6.7""1Tb Ios 17 5G - Blue Titanium",2650999,https://www.jumia.com.ng//apple-iphone-15-pro-max-6.71tb-ios-17-5g-blue-titanium-302760125.html,https://ng.jumia.is/unsafe/fit-in/300x300/filters:fill(white)/product/52/1067203/1.jpg?5164,2025-03-13,iphone 15 pro max,1TB
"Apple Iphone 16 - 6.1"" Ios 18 - 128Gb A18 Bionic Super Retina Xdr Oled Display -5G",1449999,https://www.jumia.com.ng//iphone-16-6.1-ios-18-128gb-a18-bionic-super-retina-xdr-oled-display-5g-apple-mpg9613444.html,https://ng.jumia.is/unsafe/fit-in/300x300/filters:fill(white)/product/16/1130793/1.jpg?0107,2025-03-13,iphone 16,128GB
"Apple Iphone 14 Pro Max 6.7"" (256Gb Rom + 6Gb Ram) Nano Sim-Purple",1550000,https://www.jumia.com.ng//apple-iphone-14-pro-max-6.7-256gb-rom-6gb-ram-nano-sim-purple-321406095.html,https://ng.jumia.is/unsafe/fit-in/300x300/filters:fill(white)/product/59/0604123/1.jpg?0716,2025-03-13,iphone 14 pro max,256GB
"Apple Iphone Xr - 6.1"" - 64Gb Rom, 3Gb Ram, 2942Mah - Blue",760000,https://www.jumia.com.ng//iphone-xr-6.1-64gb-rom-3gb-ram-2942mah-blue-apple-mpg8629040.html,https://ng.jumia.is/unsafe/fit-in/300x300/filters:fill(white)/product/17/0080172/1.jpg?3005,2025-03-13,iphone xr,64GB
"Apple Iphone 12 Pro Max - 6.7"" 128Gb Rom, 6Gb Ram, 3687Mah - Blue",880000,https://www.jumia.com.ng//iphone-12-pro-max-6.7-128gb-rom-6gb-ram-3687mah-blue-apple-mpg7085788.html,https://ng.jumia.is/unsafe/fit-in/300x300/filters:fill(white)/product/13/1970172/1.jpg?0727,2025-03-13,iphone 12 pro,128GB
"Apple Iphone 11 Pro Max 6.5-Inch (4Gb Ram, 256Gb Rom),Ios 13, (12Mp+12Mp+12Mp)+12Mp 4G Lte Smartphone - Midnight Green",775000,https://www.jumia.com.ng//apple-iphone-11-pro-max-6.5-inch-4gb-ram-256gb-romios-13-12mp12mp12mp12mp-4g-lte-smartphone-midnight-green-108448017.html,https://ng.jumia.is/unsafe/fit-in/300x300/filters:fill(white)/product/71/0844801/1.jpg?6973,2025-03-13,iphone 11 pro max,256GB
"Apple Iphone 12 6.1 Inches 5Gb Ram, 64Gb Rom, - Black",645000,https://www.jumia.com.ng//iphone-12-6.1-64gb-4gb-ram-12pm12pm-2815mah-black-apple-mpg3712080.html,https://ng.jumia.is/unsafe/fit-in/300x300/filters:fill(white)/product/27/6744801/1.jpg?5986,2025-03-13,iphone 12,64GB
"Apple Iphone 13 - 6.1"" - 128Gb Rom, 4Gb Ram, 3240Mah - Green",790000,https://www.jumia.com.ng//apple-iphone-13-6.1-128gb-rom-4gb-ram-3240mah-green-271251675.html,https://ng.jumia.is/unsafe/fit-in/300x300/filters:fill(white)/product/57/6152172/1.jpg?9491,2025-03-13,iphone 13,128GB
"Apple Iphone 15 128Gb - 6.1"" Facetime - 128Gb - Blue",1408516,https://www.jumia.com.ng//apple-phone-15-128gb-6.1-facetime-128gb-blue-273611359.html,https://ng.jumia.is/unsafe/fit-in/300x300/filters:fill(white)/product/95/3116372/1.jpg?2581,2025-03-13,iphone 15,128GB
"Apple Iphone Xs Max - 6.5"" 64Gb Rom, 4Gb Ram, 3174Mah - Gold",760000,https://www.jumia.com.ng//iphone-xs-max-6.5-64gb-rom-4gb-ram-3174mah-gold-apple-mpg7890747.html,https://ng.jumia.is/unsafe/fit-in/300x300/filters:fill(white)/product/43/4652852/1.jpg?9564,2025-03-13,iphone xs max,64GB
"Apple Iphone 13 Pro Max 6.7"" - 256Gb Rom + 6Gb Ram - Ios 15, 5G",1200000,https://www.jumia.com.ng//apple-iphone-13-pro-max-6.7-256gb-rom-6gb-ram-ios-15-5g-252693062.html,https://ng.jumia.is/unsafe/fit-in/300x300/filters:fill(white)/product/26/0396252/1.jpg?3732,2025-03-13,iphone 13 pro max,256GB
"Apple Iphone 13 Pro Max - 6.7"" 256Gb Rom, 6Gb Ram, 4352Ma -Silver",1250000,https://www.jumia.com.ng//apple-iphone-13-pro-max-6.7-256gb-rom-6gb-ram-4352ma-silver-271241608.html,https://ng.jumia.is/unsafe/fit-in/300x300/filters:fill(white)/product/80/6142172/1.jpg?5005,2025-03-13,iphone 13 pro max,256GB
"Apple Iphone 14 Pro Max 6.7"" 256Gb Rom, 6Gb Ram - Ios 16 - Gold",1500000,https://www.jumia.com.ng//iphone-14-pro-max-6.7-256gb-rom-6gb-ram-ios-16-gold-apple-mpg7968222.html,https://ng.jumia.is/unsafe/fit-in/300x300/filters:fill(white)/product/89/6652423/1.jpg?4466,2025-03-13,iphone 14 pro max,256GB
"Apple Iphone 13 Pro Max 6.7"" - 256Gb Rom + 6Gb Ram - Ios 15, 5G",1230000,https://www.jumia.com.ng//apple-iphone-13-pro-max-6.7-256gb-rom-6gb-ram-ios-15-5g-252693061.html,https://ng.jumia.is/unsafe/fit-in/300x300/filters:fill(white)/product/16/0396252/1.jpg?3732,2025-03-13,iphone 13 pro max,256GB
"Apple Iphone 14 Pro Max 6.7"" (128Gb Rom + 6Gb Ram) Nano Sim-Silver",1400000,https://www.jumia.com.ng//apple-iphone-14-pro-max-6.7-128gb-rom-6gb-ram-nano-sim-silver-321401910.html,https://ng.jumia.is/unsafe/fit-in/300x300/filters:fill(white)/product/01/9104123/1.jpg?8057,2025-03-13,iphone 14 pro max,128GB
"Apple Iphone 11 Pro Max 6.5"" (12+12+12Pm) 256/4Gb Matte Space Gray",764000,https://www.jumia.com.ng//apple-iphone-11-pro-max-6.5-121212pm-2564gb-matte-space-gray-258439754.html,https://ng.jumia.is/unsafe/fit-in/300x300/filters:fill(white)/product/45/7934852/1.jpg?4479,2025-03-13,iphone 11 pro max,256GB
"Apple Iphone 14 Pro 6.1"" (128Gb Rom + 6Gb Ram) Nano Sim - Purple",1350000,https://www.jumia.com.ng//apple-iphone-14-pro-6.1-128gb-rom-6gb-ram-nano-sim-purple-321473940.html,https://ng.jumia.is/unsafe/fit-in/300x300/filters:fill(white)/product/04/9374123/1.jpg?8272,2025-03-13,iphone 14 pro,128GB
"Apple Iphone 13 - 6.1"" - 128Gb Rom, 4Gb Ram, 3240Mah - White",790000,https://www.jumia.com.ng//iphone-13-6.1-128gb-rom-4gb-ram-3240mah-white-apple-mpg7055721.html,https://ng.jumia.is/unsafe/fit-in/300x300/filters:fill(white)/product/81/1880172/1.jpg?9410,2025-03-13,iphone 13,128GB
"Apple Iphone 12 Pro (6.1 Inch) 5G (6Gb Ram, 256Gb Rom) - Blue",780000,https://www.jumia.com.ng//apple-iphone-12-pro-6.1-inch-5g-6gb-ram-256gb-rom-blue-289791575.html,https://ng.jumia.is/unsafe/fit-in/300x300/filters:fill(white)/product/57/5197982/1.jpg?1149,2025-03-13,iphone 12 pro,256GB
"Apple Iphone 15 Pro Max 6.7"" 512Gb - Blue Titanium",3999999,https://www.jumia.com.ng//iphone-15-pro-max-6.7-512gb-blue-titanium-facetime-apple-mpg3712089.html,https://ng.jumia.is/unsafe/fit-in/300x300/filters:fill(white)/product/96/4294962/1.jpg?1408,2025-03-13,iphone 15 pro max,512GB
"Apple Iphone 15 (128Gb) 6.1"" - Ios 17 - Black",1120000,https://www.jumia.com.ng//iphone-15-128gb-facetime-6.1-a16-bionic-chip-black-apple-mpg4135301.html,https://ng.jumia.is/unsafe/fit-in/300x300/filters:fill(white)/product/81/0723482/1.jpg?0970,2025-03-13,iphone 15,128GB
"Apple Iphone 12 Pro Max - 6.7Inch - 128Gb, 6Gb Ram - Ios 14 - Gold",870000,https://www.jumia.com.ng//apple-iphone-12-pro-max-6.7inch-128gb-6gb-ram-ios-14-gold-218398869.html,https://ng.jumia.is/unsafe/fit-in/300x300/filters:fill(white)/product/96/8893812/1.jpg?5270,2025-03-13,iphone 12 pro,128GB
"Apple Iphone 11 Pro Max 6.5-Inch (4Gb Ram, 64Gb Rom ),Ios 13, (12Mp+12Mp+12Mp)+12Mp 4G Lte Smartphone - Space Grey",755000,https://www.jumia.com.ng//iphone-11-pro-max-6.5-inch-4gb-ram-64gb-rom-ios-13-12mp12mp12mp12mp-4g-lte-smartphone-space-grey-apple-mpg1719345.html,https://ng.jumia.is/unsafe/fit-in/300x300/filters:fill(white)/product/08/9744801/1.jpg?6920,2025-03-13,iphone 11 pro max,64GB
Apple Iphone 16 Pro Max 256Gb Desert - Titanium,2100999,https://www.jumia.com.ng//apple-iphone-16-pro-max-256gb-desert-titanium-392307961.html,https://ng.jumia.is/unsafe/fit-in/300x300/filters:fill(white)/product/16/9703293/1.jpg?6867,2025-03-13,iphone 16 pro max,256GB
"Apple Iphone 13 6.1"" , (4Gb Ram + 128Gb Rom), Ios 15 - Midnight",790000,https://www.jumia.com.ng//apple-iphone-13-6.1-4gb-ram-128gb-rom-ios-15-midnight-271908184.html,https://ng.jumia.is/unsafe/fit-in/300x300/filters:fill(white)/product/48/1809172/1.jpg?0580,2025-03-13,iphone 13,128GB
"Apple Iphone Xr - 6.1"" - 128Gb Rom, 3Gb Ram, 2942Mah - Black",760000,https://www.jumia.com.ng//iphone-xr-6.1-128gb-rom-3gb-ram-2942mah-black-apple-mpg7053819.html,https://ng.jumia.is/unsafe/fit-in/300x300/filters:fill(white)/product/63/5080172/1.jpg?3909,2025-03-13,iphone xr,128GB
"Apple Iphone 15 Pro Max 6.7"" 512Gb Nano-Sim 5G - Blue",2000000,https://www.jumia.com.ng//apple-iphone-15-pro-max-6.7-512gb-nano-sim-5g-blue-387987607.html,https://ng.jumia.is/unsafe/fit-in/300x300/filters:fill(white)/product/70/6789783/1.jpg?1346,2025-03-13,iphone 15 pro max,512GB
"Apple Iphone 11 Pro Max 6.5-Inch (4Gb Ram, 256Gb Rom ),Ios 13, (12Mp+12Mp+12Mp)+12Mp 4G Lte Smartphone - Space Grey",775000,https://www.jumia.com.ng//iphone-11-pro-max-6.5-inch-4gb-ram-256gb-rom-ios-13-12mp12mp12mp12mp-4g-lte-smartphone-space-grey.-apple-mpg1719341.html,https://ng.jumia.is/unsafe/fit-in/300x300/filters:fill(white)/product/18/7744801/1.jpg?6487,2025-03-13,iphone 11 pro max,256GB
Apple Iphone 15 Pro Max 256Gb Single/Sim -Natural Titanium,1998900,https://www.jumia.com.ng//apple-iphone-15-pro-max-256gb-singlesim-natural-titanium-272615438.html,https://ng.jumia.is/unsafe/fit-in/300x300/filters:fill(white)/product/83/4516272/1.jpg?5376,2025-03-13,iphone 15 pro max,256GB
"Apple Iphone 13 Pro 5G - 6.1"" 128Gb Rom, 6Gb Rom - Green",950000,https://www.jumia.com.ng//apple-iphone-13-pro-5g-6.1-128gb-rom-6gb-rom-green-271864868.html,https://ng.jumia.is/unsafe/fit-in/300x300/filters:fill(white)/product/86/8468172/1.jpg?7119,2025-03-13,iphone 13 pro,128GB
"Apple Iphone 12 Pro Max 6.7"" (12Pm+12Pm+12Pm) 256+6Gb Ram 3687Mah",919000,https://www.jumia.com.ng//apple-iphone-12-pro-max-6.7-12pm12pm12pm-2566gb-ram-3687mah-239970358.html,https://ng.jumia.is/unsafe/fit-in/300x300/filters:fill(white)/product/85/3079932/1.jpg?0855,2025-03-13,iphone 12 pro,256GB
"Apple Iphone Xr - 6.1"" - 64Gb Rom, 3Gb Ram, 2942Mah - Coral",760000,https://www.jumia.com.ng//iphone-xr-6.1-64gb-rom-3gb-ram-2942mah-coral-apple-mpg7094762.html,https://ng.jumia.is/unsafe/fit-in/300x300/filters:fill(white)/product/33/5080172/1.jpg?3909,2025-03-13,iphone xr,64GB
"Apple Iphone 12 Pro - 6.1"" - 5G -128Gb Rom + 6Gb Ram- Pacific Blue",755000,https://www.jumia.com.ng//iphone-12-pro-6.1-5g-128gb-rom-6gb-ram-pacific-blue-apple-mpg3970205.html,https://ng.jumia.is/unsafe/fit-in/300x300/filters:fill(white)/product/00/0516272/1.jpg?3286,2025-03-13,iphone 12 pro,128GB
"Apple Iphone 12 Pro - 6.1"" 128Gb Rom, 6Gb Rom 5G - Graphite",760000,https://www.jumia.com.ng//apple-iphone-12-pro-6.1-128gb-rom-6gb-rom-5g-graphite-270118353.html,https://ng.jumia.is/unsafe/fit-in/300x300/filters:fill(white)/product/35/3811072/1.jpg?5471,2025-03-13,iphone 12 pro,128GB
"Apple Iphone 12 Pro - 6.1"" 128Gb Rom, 6Gb Rom 5G - Silver",760000,https://www.jumia.com.ng//apple-iphone-12-pro-6.1-128gb-rom-6gb-rom-5g-silver-270118349.html,https://ng.jumia.is/unsafe/fit-in/300x300/filters:fill(white)/product/94/3811072/1.jpg?4631,2025-03-13,iphone 12 pro,128GB
"Apple Iphone 15 Pro Max 6.7"" 512Gb Nano-Sim & Esim 5G - White",2000000,https://www.jumia.com.ng//apple-iphone-15-pro-max-6.7-512gb-nano-sim-esim-5g-white-382455491.html,https://ng.jumia.is/unsafe/fit-in/300x300/filters:fill(white)/product/19/4554283/1.jpg?3620,2025-03-13,iphone 15 pro max,512GB
"Apple Iphone 15 Pro Max 6.7"" 256Gb Nano-Sim & Esim 5G - Natural",1950000,https://www.jumia.com.ng//apple-iphone-15-pro-max-6.7-256gb-nano-sim-esim-5g-natural-381382767.html,https://ng.jumia.is/unsafe/fit-in/300x300/filters:fill(white)/product/76/7283183/1.jpg?1937,2025-03-13,iphone 15 pro max,256GB
"Apple Iphone 11 Pro Max (4Gb Ram, 256Gb Rom),Ios 4G Lte Midnight Green",775000,https://www.jumia.com.ng//apple-iphone-11-pro-max-4gb-ram-256gb-romios-4g-lte-midnight-green-125637797.html,https://ng.jumia.is/unsafe/fit-in/300x300/filters:fill(white)/product/79/7736521/1.jpg?7944,2025-03-13,iphone 11 pro max,256GB
"Apple Iphone 11 Pro Max 6.5-Inch Super Retina (4Gb Ram, 256Gb Rom),Ios 4G Lte Smartphone - Gold",765000,https://www.jumia.com.ng//iphone-11-pro-max-6.5-inch-super-retina-4gb-ram-256gb-romios-4g-lte-smartphone-gold-apple-mpg7406631.html,https://ng.jumia.is/unsafe/fit-in/300x300/filters:fill(white)/product/71/9736521/1.jpg?8407,2025-03-13,iphone 11 pro max,256GB
"Apple Iphone 12 Pro Max 6.7"" (12Pm+12Pm+12Pm) 128+6Gb Ram 3687Mah",879000,https://www.jumia.com.ng//apple-iphone-12-pro-max-6.7-12pm12pm12pm-1286gb-ram-3687mah-239969964.html,https://ng.jumia.is/unsafe/fit-in/300x300/filters:fill(white)/product/46/9969932/1.jpg?0370,2025-03-13,iphone 12 pro,128GB
"Apple Iphone 13 - 6.1"" - 128Gb Rom, 4Gb Ram, 3240Mah",790000,https://www.jumia.com.ng//apple-iphone-13-6.1-128gb-rom-4gb-ram-3240mah-271250311.html,https://ng.jumia.is/unsafe/fit-in/300x300/filters:fill(white)/product/11/3052172/1.jpg?8730,2025-03-13,iphone 13,128GB
"Apple Iphone 11 Pro Max 6.5"" 12Pm+12Pm+12Pm 256/4Gb Matte Gold",764000,https://www.jumia.com.ng//apple-iphone-11-pro-max-6.5-12pm12pm12pm-2564gb-matte-gold-239958199.html,https://ng.jumia.is/unsafe/fit-in/300x300/filters:fill(white)/product/99/1859932/1.jpg?9194,2025-03-13,iphone 11 pro max,256GB
"Apple Iphone 15 (128Gb) 6.1"" - Ios 17 - Black",1120000,https://www.jumia.com.ng//iphone-15-128gb-facetime-6.1-a16-bionic-chip-black-apple-mpg4135301.html,https://ng.jumia.is/unsafe/fit-in/300x300/filters:fill(white)/product/81/0723482/1.jpg?0970,2025-03-13,iphone 15,128GB
"Apple Iphone 13 Pro 5G - 6.1"" 128Gb Rom, 6Gb Rom - Blue",1100000,https://www.jumia.com.ng//apple-iphone-13-pro-5g-6.1-128gb-rom-6gb-rom-blue-271863193.html,https://ng.jumia.is/unsafe/fit-in/300x300/filters:fill(white)/product/39/1368172/1.jpg?3864,2025-03-13,iphone 13 pro,128GB
"Apple Iphone 15 Plus 6.7"" 512Gb Super Retina Xdr - Blue",1999999,https://www.jumia.com.ng//apple-iphone-15-plus-6.7-512gb-super-retina-xdr-blue-374634534.html,https://ng.jumia.is/unsafe/fit-in/300x300/filters:fill(white)/product/43/5436473/1.jpg?8873,2025-03-13,iphone 15 plus,512GB
"Apple Iphone 13 - 6.1"" - 128Gb Rom, 4Gb Ram, 3240Mah - Red",790000,https://www.jumia.com.ng//apple-iphone-13-6.1-128gb-rom-4gb-ram-3240mah-red-271252473.html,https://ng.jumia.is/unsafe/fit-in/300x300/filters:fill(white)/product/37/4252172/1.jpg?9421,2025-03-13,iphone 13,128GB
"Apple Iphone 15 Pro 6.1"" (256Gb Rom + 8Gb Ram) Nano Sim - White",1700000,https://www.jumia.com.ng//apple-iphone-15-pro-6.1-256gb-rom-8gb-ram-nano-sim-white-389801192.html,https://ng.jumia.is/unsafe/fit-in/300x300/filters:fill(white)/product/29/1108983/1.jpg?6975,2025-03-13,iphone 15 pro,256GB
"Apple Iphone 12 Pro (6.1 Inch) 5G (6Gb Ram, 256Gb Rom) - Gold",780000,https://www.jumia.com.ng//iphone-12-pro-6.1-inch-5g-6gb-ram-256gb-rom-gold-apple-mpg3712082.html,https://ng.jumia.is/unsafe/fit-in/300x300/filters:fill(white)/product/34/3846752/1.jpg?4503,2025-03-13,iphone 12 pro,256GB
"Apple Iphone 12 Pro Max 5G - 6.7"" (256Gb/6Gb) + Powerbank - Silver",930000,https://www.jumia.com.ng//apple-iphone-12-pro-max-5g-6.7-256gb6gb-powerbank-silver-325506681.html,https://ng.jumia.is/unsafe/fit-in/300x300/filters:fill(white)/product/18/6605523/1.jpg?3369,2025-03-13,iphone 12 pro,256GB
"Apple Iphone 13 Pro Max - 6.7"" 256Gb Rom, 6Gb Ram, 4352Ma - Gold",1200000,https://www.jumia.com.ng//apple-iphone-13-pro-max-6.7-256gb-rom-6gb-ram-4352ma-gold-271241363.html,https://ng.jumia.is/unsafe/fit-in/300x300/filters:fill(white)/product/36/3142172/1.jpg?3868,2025-03-13,iphone 13 pro max,256GB
"Apple Iphone 13 Pro Max 6.7"" - 256Gb Rom + 6Gb Ram - Ios 15, 5G",1200000,https://www.jumia.com.ng//iphone-13-pro-max-6.7-256gb-rom-6gb-ram-ios-15-5g-apple-mpg7105466.html,https://ng.jumia.is/unsafe/fit-in/300x300/filters:fill(white)/product/30/1643972/1.jpg?7236,2025-03-13,iphone 13 pro max,256GB
"Apple Iphone 15 Pro Max 6.7"" 512Gb Nano-Sim 5G - Black",2000000,https://www.jumia.com.ng//apple-iphone-15-pro-max-6.7-512gb-nano-sim-5g-black-387987609.html,https://ng.jumia.is/unsafe/fit-in/300x300/filters:fill(white)/product/90/6789783/1.jpg?1346,2025-03-13,iphone 15 pro max,512GB
"Apple Iphone 11 Pro Max 6.5"" (12Mp+12Pm+12Pm) 256/4Gb Matte Gold",764000,https://www.jumia.com.ng//apple-iphone-11-pro-max-6.5-12mp12pm12pm-2564gb-matte-gold-258439860.html,https://ng.jumia.is/unsafe/fit-in/300x300/filters:fill(white)/product/06/8934852/1.jpg?4930,2025-03-13,iphone 11 pro max,256GB
Apple Iphone 16 - 8Gb-128Gb - 5G - Black,1450999,https://www.jumia.com.ng//apple-iphone-16-8gb-128gb-5g-black-402299591.html,https://ng.jumia.is/unsafe/fit-in/300x300/filters:fill(white)/product/19/5992204/1.jpg?9149,2025-03-13,iphone 16,128GB
"Apple Iphone 13 Pro Max - 6.7"" 256Gb Rom, 6Gb Ram,4352Mah-Graphite",1250000,https://www.jumia.com.ng//apple-iphone-13-pro-max-6.7-256gb-rom-6gb-ram4352mah-graphite-271241114.html,https://ng.jumia.is/unsafe/fit-in/300x300/filters:fill(white)/product/41/1142172/1.jpg?3883,2025-03-13,iphone 13 pro max,256GB
"Apple Iphone 15 Pro Max 6.7"" 256Gb Nano-Sim & Esim 5G - White",1950000,https://www.jumia.com.ng//apple-iphone-15-pro-max-6.7-256gb-nano-sim-esim-5g-white-381383391.html,https://ng.jumia.is/unsafe/fit-in/300x300/filters:fill(white)/product/19/3383183/1.jpg?2049,2025-03-13,iphone 15 pro max,256GB
"Apple Iphone 12 Pro Max - 6.7"" 128Gb Rom, 6Gb Rom 5G - Graphite",890000,https://www.jumia.com.ng//iphone-12-pro-max-128gb-6gb-ram-6.7-inch12mp12mp12mp-5g-graphite-apple-mpg4135287.html,https://ng.jumia.is/unsafe/fit-in/300x300/filters:fill(white)/product/22/2811072/1.jpg?3249,2025-03-13,iphone 12 pro,128GB
"Apple Iphone 14 Pro 6.1"" (256Gb Rom + 6Gb Ram) Nano Sim - Silver",1400000,https://www.jumia.com.ng//apple-iphone-14-pro-6.1-256gb-rom-6gb-ram-nano-sim-silver-321479310.html,https://ng.jumia.is/unsafe/fit-in/300x300/filters:fill(white)/product/01/3974123/1.jpg?0297,2025-03-13,iphone 14 pro,256GB
"Apple Iphone 12 Pro Max 6.7"" (12Pm+12Pm+12Pm) 128+6Gb Ram 3687Mah",879000,https://www.jumia.com.ng//apple-iphone-12-pro-max-6.7-12pm12pm12pm-1286gb-ram-3687mah-239967981.html,https://ng.jumia.is/unsafe/fit-in/300x300/filters:fill(white)/product/18/9769932/1.jpg?0370,2025-03-13,iphone 12 pro,128GB
"Apple Iphone 12 Pro Max - 6.7"" 256Gb Rom, 6Gb Ram, 3687Mah - Gold",920000,https://www.jumia.com.ng//iphone-12-pro-max-6.7-256gb-rom-6gb-ram-3687mah-gold-apple-mpg7427116.html,https://ng.jumia.is/unsafe/fit-in/300x300/filters:fill(white)/product/34/1970172/1.jpg?0726,2025-03-13,iphone 12 pro,256GB
"Apple Iphone Xr - 6.1"" - 3Gb Ram, 128Gb Rom, 4G, 2942Mah - Black",760000,https://www.jumia.com.ng//iphone-xr-6.1-3gb-ram-128gb-rom-4g-2942mah-black-apple-mpg7263715.html,https://ng.jumia.is/unsafe/fit-in/300x300/filters:fill(white)/product/50/1982472/1.jpg?7015,2025-03-13,iphone xr,128GB
"Apple Iphone 12 Pro Max - 6.7Inch - 256Gb, 6Gb Ram - Ios 14 - Gold",920000,https://www.jumia.com.ng//apple-iphone-12-pro-max-6.7inch-256gb-6gb-ram-ios-14-gold-252753744.html,https://ng.jumia.is/unsafe/fit-in/300x300/filters:fill(white)/product/44/7357252/1.jpg?2479,2025-03-13,iphone 12 pro,256GB
"Apple Iphone 13 Pro Max - 6.7"" - 6Gb Ram, 256Gb Rom, 5G - Blue",1200000,https://www.jumia.com.ng//iphone-13-pro-max-6.7-6gb-ram-256gb-rom-5g-blue-apple-mpg7021548.html,https://ng.jumia.is/unsafe/fit-in/300x300/filters:fill(white)/product/05/6252472/1.jpg?9288,2025-03-13,iphone 13 pro max,256GB
"Apple Iphone Xr - 6.1"" - 128Gb Rom, 3Gb Ram, 2942Mah - Blue",760000,https://www.jumia.com.ng//iphone-xr-6.1-128gb-rom-3gb-ram-2942mah-blue-apple-mpg4648427.html,https://ng.jumia.is/unsafe/fit-in/300x300/filters:fill(white)/product/73/5080172/1.jpg?3909,2025-03-13,iphone xr,128GB
"Apple Iphone 14 Pro Max 6.7"" (256Gb Rom + 6Gb Ram) Nano Sim- Black",1550000,https://www.jumia.com.ng//apple-iphone-14-pro-max-6.7-256gb-rom-6gb-ram-nano-sim-black-321418846.html,https://ng.jumia.is/unsafe/fit-in/300x300/filters:fill(white)/product/64/8814123/1.jpg?1376,2025-03-13,iphone 14 pro max,256GB
"Apple Iphone 14 Pro Max 6.7"" (256Gb Rom + 6Gb Ram) Nano Sim-Silver",1550000,https://www.jumia.com.ng//apple-iphone-14-pro-max-6.7-256gb-rom-6gb-ram-nano-sim-silver-321418014.html,https://ng.jumia.is/unsafe/fit-in/300x300/filters:fill(white)/product/41/0814123/1.jpg?1444,2025-03-13,iphone 14 pro max,256GB
"Apple Iphone Xs Max - 6.5"" - 4Gb Ram, 256Gb Rom, 3174Mah - Gold",760000,https://www.jumia.com.ng//iphone-xs-max-6.5-4gb-ram-256gb-rom-3174mah-gold-apple-mpg7018733.html,https://ng.jumia.is/unsafe/fit-in/300x300/filters:fill(white)/product/92/2611472/1.jpg?4740,2025-03-13,iphone xs max,256GB
"Apple Iphone Xs Max - 6.5"" - 4Gb Ram, 64Gb Rom, 3174Mah - Gold",760000,https://www.jumia.com.ng//iphone-xs-max-6.5-4gb-ram-64gb-rom-3174mah-gold-apple-mpg8615119.html,https://ng.jumia.is/unsafe/fit-in/300x300/filters:fill(white)/product/12/2611472/1.jpg?4740,2025-03-13,iphone xs max,64GB
"Apple Iphone 13 - 6.1"" - 128Gb Rom, 4Gb Ram, 3240Mah - Pink",790000,https://www.jumia.com.ng//apple-iphone-13-6.1-128gb-rom-4gb-ram-3240mah-pink-271248585.html,https://ng.jumia.is/unsafe/fit-in/300x300/filters:fill(white)/product/58/5842172/1.jpg?7955,2025-03-13,iphone 13,128GB
"Apple Iphone 14 Pro 6.1"" (128Gb Rom + 6Gb Ram) Nano Sim - Silver",1380000,https://www.jumia.com.ng//apple-iphone-14-pro-6.1-128gb-rom-6gb-ram-nano-sim-silver-321472572.html,https://ng.jumia.is/unsafe/fit-in/300x300/filters:fill(white)/product/27/5274123/1.jpg?5844,2025-03-13,iphone 14 pro,128GB
"Apple Iphone 13 Pro 5G - 6.1"" 128Gb Rom, 6Gb Ram - Green.",950000,https://www.jumia.com.ng//apple-iphone-13-pro-5g-6.1-128gb-rom-6gb-ram-green.-272340580.html,https://ng.jumia.is/unsafe/fit-in/300x300/filters:fill(white)/product/08/5043272/1.jpg?0533,2025-03-13,iphone 13 pro,128GB
"Apple Iphone 14 Pro Max 6.7"" (256Gb Rom + 6Gb Ram) Nano Sim - Gold",1550000,https://www.jumia.com.ng//apple-iphone-14-pro-max-6.7-256gb-rom-6gb-ram-nano-sim-gold-321416995.html,https://ng.jumia.is/unsafe/fit-in/300x300/filters:fill(white)/product/59/9614123/1.jpg?1551,2025-03-13,iphone 14 pro max,256GB
"Apple Iphone Xs Max - 6.5"" 256Gb Rom, 4Gb Ram, 3174Mah - Gold",760000,https://www.jumia.com.ng//iphone-xs-max-6.5-256gb-rom-4gb-ram-3174mah-gold-apple-mpg7652966.html,https://ng.jumia.is/unsafe/fit-in/300x300/filters:fill(white)/product/63/4652852/1.jpg?9564,2025-03-13,iphone xs max,256GB
"Apple Iphone 12 Pro Max 6.7"" (12Pm+12Pm+12Pm) 128+6Gb Ram 3687Mah",879000,https://www.jumia.com.ng//apple-iphone-12-pro-max-6.7-12pm12pm12pm-1286gb-ram-3687mah-239967981.html,https://ng.jumia.is/unsafe/fit-in/300x300/filters:fill(white)/product/18/9769932/1.jpg?0370,2025-03-13,iphone 12 pro,128GB
"Apple Iphone 11 Pro Max - 6.5"" - 4Gb Ram, 256Gb Rom - Gold",760000,https://www.jumia.com.ng//iphone-11-pro-max-6.5-4gb-ram-256gb-rom-gold-apple-mpg7051235.html,https://ng.jumia.is/unsafe/fit-in/300x300/filters:fill(white)/product/69/1921472/1.jpg?4047,2025-03-13,iphone 11 pro max,256GB
"Apple Iphone Xr - 6.1"" - 128Gb Rom, 3Gb Ram, 2942Mah - Coral",760000,https://www.jumia.com.ng//iphone-xr-6.1-128gb-rom-3gb-ram-2942mah-coral-apple-mpg4763606.html,https://ng.jumia.is/unsafe/fit-in/300x300/filters:fill(white)/product/83/5080172/1.jpg?3908,2025-03-13,iphone xr,128GB
"Apple Iphone 11 Pro Max - 6.5"" - 4Gb Ram, 64Gb Rom - Space Gray",760000,https://www.jumia.com.ng//iphone-11-pro-max-6.5-4gb-ram-64gb-rom-space-gray-apple-mpg7117797.html,https://ng.jumia.is/unsafe/fit-in/300x300/filters:fill(white)/product/68/0921472/1.jpg?3748,2025-03-13,iphone 11 pro max,64GB
"Apple Iphone 15 Pro Max 6.7""- 512Gb- Nano-Sim & Esim 5G - Natural",2100000,https://www.jumia.com.ng//apple-iphone-15-pro-max-6.7-512gb-nano-sim-esim-5g-natural-402361833.html,https://ng.jumia.is/unsafe/fit-in/300x300/filters:fill(white)/product/33/8163204/1.jpg?1367,2025-03-13,iphone 15 pro max,512GB
Apple Iphone 13 128Gb - Midnight,750999,https://www.jumia.com.ng//apple-iphone-13-128gb-midnight-401735879.html,https://ng.jumia.is/unsafe/fit-in/300x300/filters:fill(white)/product/97/8537104/1.jpg?4505,2025-03-13,iphone 13,128GB
"Apple Iphone 12 Pro (6.1 Inch) 5G (6Gb Ram, 128Gb Rom) - Gold",755000,https://www.jumia.com.ng//apple-iphone-12-pro-6.1-inch-5g-6gb-ram-128gb-rom-gold-218218599.html,https://ng.jumia.is/unsafe/fit-in/300x300/filters:fill(white)/product/99/5812812/1.jpg?8960,2025-03-13,iphone 12 pro,128GB
"Apple Iphone 14 Pro Max 6.7"" (256Gb Rom + 6Gb Ram) Nano Sim - Gold",1550000,https://www.jumia.com.ng//apple-iphone-14-pro-max-6.7-256gb-rom-6gb-ram-nano-sim-gold-321416995.html,https://ng.jumia.is/unsafe/fit-in/300x300/filters:fill(white)/product/59/9614123/1.jpg?1551,2025-03-13,iphone 14 pro max,256GB
"Apple Iphone 12 Pro Max - 6.7-Inch - 256Gb Rom, 6Gb Ram - Ios 14",920000,https://www.jumia.com.ng//apple-iphone-12-pro-max-6.7-inch-256gb-rom-6gb-ram-ios-14-218402124.html,https://ng.jumia.is/unsafe/fit-in/300x300/filters:fill(white)/product/42/1204812/1.jpg?0962,2025-03-13,iphone 12 pro,256GB
"Apple Iphone 15 Pro Max 6.7"" 256Gb Nano-Sim & Esim 5G - Black",1850000,https://www.jumia.com.ng//apple-iphone-15-pro-max-6.7-256gb-nano-sim-esim-5g-black-381381072.html,https://ng.jumia.is/unsafe/fit-in/300x300/filters:fill(white)/product/27/0183183/1.jpg?0736,2025-03-13,iphone 15 pro max,256GB
"Apple Iphone 15 Pro 6.1"" 512Gb Ios 17 5G - White Titanium",2520999,https://www.jumia.com.ng//apple-iphone-15-pro-6.1-512gb-ios-17-5g-white-titanium-290114759.html,https://ng.jumia.is/unsafe/fit-in/300x300/filters:fill(white)/product/95/7411092/1.jpg?0189,2025-03-13,iphone 15 pro,512GB
"Apple Iphone 13 Pro Max - 6.7"" 128Gb Rom, 6Gb Rom 5G - Silver",1100000,https://www.jumia.com.ng//apple-iphone-13-pro-max-6.7-128gb-rom-6gb-rom-5g-silver-270118351.html,https://ng.jumia.is/unsafe/fit-in/300x300/filters:fill(white)/product/15/3811072/1.jpg?4630,2025-03-13,iphone 13 pro max,128GB
"Apple Iphone 13 Pro 5G - 6.1"" 128Gb Rom, 6Gb Rom - Gold",950000,https://www.jumia.com.ng//iphone-13-pro-5g-6.1-128gb-rom-6gb-rom-gold-apple-mpg3970222.html,https://ng.jumia.is/unsafe/fit-in/300x300/filters:fill(white)/product/36/5043272/1.jpg?0532,2025-03-13,iphone 13 pro,128GB
"Apple Iphone 15 Pro Max 6.7""- 256Gb- Nano-Sim & Esim 5G - Natural",1950000,https://www.jumia.com.ng//apple-iphone-15-pro-max-6.7-256gb-nano-sim-esim-5g-natural-397612554.html,https://ng.jumia.is/unsafe/fit-in/300x300/filters:fill(white)/product/45/5216793/1.jpg?5666,2025-03-13,iphone 15 pro max,256GB
"Apple Iphone 14 Pro 6.1"" (256Gb Rom + 6Gb Ram) Nano Sim - Gold",1400000,https://www.jumia.com.ng//apple-iphone-14-pro-6.1-256gb-rom-6gb-ram-nano-sim-gold-321478924.html,https://ng.jumia.is/unsafe/fit-in/300x300/filters:fill(white)/product/42/9874123/1.jpg?0349,2025-03-13,iphone 14 pro,256GB
"Apple Iphone 15 Pro Max 6.7"" 256Gb Nano-Sim & Esim 5G - Blue",1950000,https://www.jumia.com.ng//apple-iphone-15-pro-max-6.7-256gb-nano-sim-esim-5g-blue-381381912.html,https://ng.jumia.is/unsafe/fit-in/300x300/filters:fill(white)/product/21/9183183/1.jpg?1240,2025-03-13,iphone 15 pro max,256GB
"Apple Iphone 13 Pro 5G - 6.1"" 128Gb Rom, 6Gb Ram - Sierra Blue",950000,https://www.jumia.com.ng//apple-iphone-13-pro-5g-6.1-128gb-rom-6gb-ram-sierra-blue-291793518.html,https://ng.jumia.is/unsafe/fit-in/300x300/filters:fill(white)/product/81/5397192/1.jpg?0647,2025-03-13,iphone 13 pro,128GB
"Apple Iphone 12 Pro Max 5G - 6.7"" (256Gb/6Gb) + Powerbank - Blue",930000,https://www.jumia.com.ng//apple-iphone-12-pro-max-5g-6.7-256gb6gb-powerbank-blue-325506422.html,https://ng.jumia.is/unsafe/fit-in/300x300/filters:fill(white)/product/22/4605523/1.jpg?5042,2025-03-13,iphone 12 pro,256GB
"Apple Iphone 15 Plus (512Gb) - 6.7"" Super Retina Xdr - Black",1999999,https://www.jumia.com.ng//apple-iphone-15-plus-512gb-6.7-super-retina-xdr-black-384439035.html,https://ng.jumia.is/unsafe/fit-in/300x300/filters:fill(white)/product/53/0934483/1.jpg?9656,2025-03-13,iphone 15 plus,512GB
"Apple Iphone Xr - 6.1"" - 3Gb Ram, 128Gb Rom, 4G, 2942Mah - Blue",760000,https://www.jumia.com.ng//iphone-xr-6.1-3gb-ram-128gb-rom-4g-2942mah-blue-apple-mpg7092121.html,https://ng.jumia.is/unsafe/fit-in/300x300/filters:fill(white)/product/86/6803472/1.jpg?9696,2025-03-13,iphone xr,128GB
"Apple Iphone 12 Pro - 6.1"" 128Gb Rom, 6Gb Rom 5G - Gold",880000,https://www.jumia.com.ng//apple-iphone-12-pro-6.1-128gb-rom-6gb-rom-5g-gold-270118350.html,https://ng.jumia.is/unsafe/fit-in/300x300/filters:fill(white)/product/05/3811072/1.jpg?4631,2025-03-13,iphone 12 pro,128GB
"Apple Iphone 15 Pro 6.1"" (128Gb Rom + 8Gb Ram) Nano Sim - White",1600000,https://www.jumia.com.ng//apple-iphone-15-pro-6.1-128gb-rom-8gb-ram-nano-sim-white-389800758.html,https://ng.jumia.is/unsafe/fit-in/300x300/filters:fill(white)/product/85/7008983/1.jpg?6967,2025-03-13,iphone 15 pro,128GB
"Apple Iphone 12 Pro Max 5G - 6.7"" 256Gb Rom, 6Gb Rom - Silver",950000,https://www.jumia.com.ng//apple-iphone-12-pro-max-5g-6.7-256gb-rom-6gb-rom-silver-324985561.html,https://ng.jumia.is/unsafe/fit-in/300x300/filters:fill(white)/product/16/5589423/1.jpg?0345,2025-03-13,iphone 12 pro,256GB
"Apple Iphone 13 Pro 5G - 6.1"" 256Gb Rom, 6Gb Ram - Sierra Blue",980000,https://www.jumia.com.ng//apple-iphone-13-pro-5g-6.1-256gb-rom-6gb-ram-sierra-blue-401562873.html,https://ng.jumia.is/unsafe/fit-in/300x300/filters:fill(white)/product/37/8265104/1.jpg?7185,2025-03-13,iphone 13 pro,256GB
"Apple Iphone 13 Pro Max - 6.7"" - 256Gb Rom - 6Gb Ram - Ios 15 - 4352Mah - Blue",1228000,https://www.jumia.com.ng//apple-iphone-13-pro-max-6.7-256gb-rom-6gb-ram-ios-15-4352mah-blue-401677589.html,https://ng.jumia.is/unsafe/fit-in/300x300/filters:fill(white)/product/98/5776104/1.jpg?4965,2025-03-13,iphone 13 pro max,256GB
"Apple Iphone Xr - 6.1"" - 3Gb Ram, 64Gb Rom, 4G, 2942Mah - Black",760000,https://www.jumia.com.ng//iphone-xr-6.1-3gb-ram-64gb-rom-4g-2942mah-black-apple-mpg7087510.html,https://ng.jumia.is/unsafe/fit-in/300x300/filters:fill(white)/product/73/8382472/1.jpg?6176,2025-03-13,iphone xr,64GB
"Apple Iphone Xr - 6.1"" - 64Gb Rom, 3Gb Ram, 2942Mah - Black",760000,https://www.jumia.com.ng//iphone-xr-6.1-64gb-rom-3gb-ram-2942mah-black-apple-mpg7095997.html,https://ng.jumia.is/unsafe/fit-in/300x300/filters:fill(white)/product/76/0080172/1.jpg?3005,2025-03-13,iphone xr,64GB
"Apple Iphone 15 Plus (512Gb) - 6.7"" Super Retina Xdr - Blue",1999999,https://www.jumia.com.ng//apple-iphone-15-plus-512gb-6.7-super-retina-xdr-blue-384439036.html,https://ng.jumia.is/unsafe/fit-in/300x300/filters:fill(white)/product/63/0934483/1.jpg?9656,2025-03-13,iphone 15 plus,512GB
"Apple Iphone 15 Pro Max 6.7""- 256Gb- Nano-Sim & Esim 5G - White",1950000,https://www.jumia.com.ng//apple-iphone-15-pro-max-6.7-256gb-nano-sim-esim-5g-white-397686995.html,https://ng.jumia.is/unsafe/fit-in/300x300/filters:fill(white)/product/59/9686793/1.jpg?7105,2025-03-13,iphone 15 pro max,256GB
"Apple Iphone 13 Pro 5G - 6.1"" 128Gb Rom, 6Gb Rom - Graphite",980000,https://www.jumia.com.ng//iphone-13-pro-5g-6.1-128gb-rom-6gb-rom-graphite-apple-mpg3970221.html,https://ng.jumia.is/unsafe/fit-in/300x300/filters:fill(white)/product/48/0368172/1.jpg?5683,2025-03-13,iphone 13 pro,128GB
"Apple Iphone Xs Max - 6.5"" - 4Gb Ram, 64Gb Rom, 3174Mah - Gold",760000,https://www.jumia.com.ng//iphone-xs-max-6.5-4gb-ram-64gb-rom-3174mah-gold-apple-mpg7254834.html,https://ng.jumia.is/unsafe/fit-in/300x300/filters:fill(white)/product/42/2611472/1.jpg?4740,2025-03-13,iphone xs max,64GB
"Apple Iphone 12 Pro Max 5G - 6.7"" (256Gb/6Gb) + Powerbank-Graphite",935000,https://www.jumia.com.ng//apple-iphone-12-pro-max-5g-6.7-256gb6gb-powerbank-graphite-325506209.html,https://ng.jumia.is/unsafe/fit-in/300x300/filters:fill(white)/product/90/2605523/1.jpg?3428,2025-03-13,iphone 12 pro,256GB
"Apple Iphone 12 Pro Max - 6.7-Inch - 256Gb Rom, 6Gb Ram - Ios 14",910000,https://www.jumia.com.ng//iphone-12-pro-max-6.7-inch-256gb-rom-6gb-ram-ios-14-apple-mpg7095882.html,https://ng.jumia.is/unsafe/fit-in/300x300/filters:fill(white)/product/58/7187672/1.jpg?4987,2025-03-13,iphone 12 pro,256GB
"Apple Iphone Xr - 6.1"" - 3Gb Ram, 64Gb Rom, 4G, 2942Mah - Coral",760000,https://www.jumia.com.ng//iphone-xr-6.1-3gb-ram-64gb-rom-4g-2942mah-coral-apple-mpg7086598.html,https://ng.jumia.is/unsafe/fit-in/300x300/filters:fill(white)/product/17/6682472/1.jpg?6613,2025-03-13,iphone xr,64GB
"Apple Iphone 13 Pro Max - 6.7"" 256Gb Rom, 6Gb Ram, 4352Ma -Green",1250000,https://www.jumia.com.ng//iphone-13-pro-max-6.7-256gb-rom-6gb-ram-4352ma-green-apple-mpg3970228.html,https://ng.jumia.is/unsafe/fit-in/300x300/filters:fill(white)/product/50/2242172/1.jpg?4929,2025-03-13,iphone 13 pro max,256GB
"Apple Iphone 15 Pro 6.1"" (256Gb Rom + 8Gb Ram) Nano Sim - Natural",1700000,https://www.jumia.com.ng//apple-iphone-15-pro-6.1-256gb-rom-8gb-ram-nano-sim-natural-389800019.html,https://ng.jumia.is/unsafe/fit-in/300x300/filters:fill(white)/product/91/0008983/1.jpg?6958,2025-03-13,iphone 15 pro,256GB
"Apple Iphone Xr - 6.1"" - 3Gb Ram, 128Gb Rom, 4G, 2942Mah - Coral",760000,https://www.jumia.com.ng//iphone-xr-6.1-3gb-ram-128gb-rom-4g-2942mah-coral-apple-mpg7889894.html,https://ng.jumia.is/unsafe/fit-in/300x300/filters:fill(white)/product/27/6682472/1.jpg?6613,2025-03-13,iphone xr,128GB
"Apple Iphone 11 - 6.1"" 128Gb Rom, 4Gb Ram, 3110Mah - White",790000,https://www.jumia.com.ng//iphone-11-6.1-128gb-rom-4gb-ram-3110mah-white-apple-mpg7088432.html,https://ng.jumia.is/unsafe/fit-in/300x300/filters:fill(white)/product/94/5652852/1.jpg?0850,2025-03-13,iphone 11,128GB
"Apple Iphone 11 Pro Max 256/4Gb (12Pm+12Pm+12Pm) 6.5"" 3969Mah",764000,https://www.jumia.com.ng//iphone-11-pro-max-2564gb-12pm12pm12pm-6.5-3969mah-apple-mpg9159868.html,https://ng.jumia.is/unsafe/fit-in/300x300/filters:fill(white)/product/42/7646952/1.jpg?0549,2025-03-13,iphone 11 pro max,256GB
"Apple Iphone 14 Pro 6.1"" (128Gb Rom + 6Gb Ram) Nano Sim - Black",1350000,https://www.jumia.com.ng//apple-iphone-14-pro-6.1-128gb-rom-6gb-ram-nano-sim-black-321475162.html,https://ng.jumia.is/unsafe/fit-in/300x300/filters:fill(white)/product/26/1574123/1.jpg?8282,2025-03-13,iphone 14 pro,128GB
"Apple Iphone 12 Pro Max - 6.7"" 128Gb Rom, 6Gb Rom 5G - Blue",790000,https://www.jumia.com.ng//apple-iphone12-pro-max-6.7-128gb-rom-6gb-rom-5g-blue-270118223.html,https://ng.jumia.is/unsafe/fit-in/300x300/filters:fill(white)/product/32/2811072/1.jpg?3249,2025-03-13,iphone 12 pro,128GB
"Apple Iphone 12 Pro Max 6.7"" (12Pm+12Pm+12Pm) 256+6Gb Ram 3687Mah",919000,https://www.jumia.com.ng//apple-iphone-12-pro-max-6.7-12pm12pm12pm-2566gb-ram-3687mah-239970359.html,https://ng.jumia.is/unsafe/fit-in/300x300/filters:fill(white)/product/95/3079932/1.jpg?0855,2025-03-13,iphone 12 pro,256GB
"Apple Iphone 15 Pro 6.1"" (256Gb Rom + 8Gb Ram) Nano Sim - Black",1750000,https://www.jumia.com.ng//apple-iphone-15-pro-6.1-256gb-rom-8gb-ram-nano-sim-black-389801395.html,https://ng.jumia.is/unsafe/fit-in/300x300/filters:fill(white)/product/59/3108983/1.jpg?6976,2025-03-13,iphone 15 pro,256GB
"Apple Iphone 15 Pro 6.1"" (128Gb Rom + 8Gb Ram) Nano Sim - Black",1600000,https://www.jumia.com.ng//apple-iphone-15-pro-6.1-128gb-rom-8gb-ram-nano-sim-black-389800989.html,https://ng.jumia.is/unsafe/fit-in/300x300/filters:fill(white)/product/98/9008983/1.jpg?6971,2025-03-13,iphone 15 pro,128GB
"Apple Iphone 11 Pro Max - 6.5"" - 4Gb Ram, 256Gb Rom - Space Gray",760000,https://www.jumia.com.ng//iphone-11-pro-max-6.5-4gb-ram-256gb-rom-space-gray-apple-mpg7428744.html,https://ng.jumia.is/unsafe/fit-in/300x300/filters:fill(white)/product/98/2921472/1.jpg?4288,2025-03-13,iphone 11 pro max,256GB
"Apple Iphone 13 Pro Max - 6.7"" - 6Gb Ram, 256Gb Rom, 5G - Gold",1200000,https://www.jumia.com.ng//iphone-13-pro-max-6.7-6gb-ram-256gb-rom-5g-gold-apple-mpg7094181.html,https://ng.jumia.is/unsafe/fit-in/300x300/filters:fill(white)/product/92/7052472/1.jpg?8790,2025-03-13,iphone 13 pro max,256GB
"Apple Iphone 14 Pro Max 6.7"" (128Gb Rom + 6Gb Ram) Nano Sim-Purple",1490000,https://www.jumia.com.ng//apple-iphone-14-pro-max-6.7-128gb-rom-6gb-ram-nano-sim-purple-321348521.html,https://ng.jumia.is/unsafe/fit-in/300x300/filters:fill(white)/product/12/5843123/1.jpg?3244,2025-03-13,iphone 14 pro max,128GB
"Apple Iphone 14 - 6.1"" - 256Gb + 6Gb Ram - 1 Sim +1 Esim - 5G - Blue",1150000,https://www.jumia.com.ng//apple-iphone-14-6.1-256gb-6gb-ram-1-sim-1-esim-5g-blue-401763668.html,https://ng.jumia.is/unsafe/fit-in/300x300/filters:fill(white)/product/86/6367104/1.jpg?7227,2025-03-13,iphone 14,256GB
"Apple Iphone 13 6.1"" , (4Gb Ram + 128Gb Rom), Ios 15 - Midnight",785000,https://www.jumia.com.ng//iphone-13-6.1-4gb-ram-128gb-rom-ios-15-midnight-apple-mpg7044695.html,https://ng.jumia.is/unsafe/fit-in/300x300/filters:fill(white)/product/25/7788522/1.jpg?2206,2025-03-13,iphone 13,128GB
"Apple Iphone 12 Pro - 6.1"" - 128Gb Rom, 6Gb Ram - Nano Sim - Blue",760000,https://www.jumia.com.ng//apple-iphone-12-pro-6.1-128gb-rom-6gb-ram-nano-sim-blue-397907832.html,https://ng.jumia.is/unsafe/fit-in/300x300/filters:fill(white)/product/23/8709793/1.jpg?5568,2025-03-13,iphone 12 pro,128GB
"Apple Iphone 13 Pro Max - 6.7"" 128Gb Rom, 6Gb Ram,4352Mah-Graphite",1100000,https://www.jumia.com.ng//iphone-13-pro-max-6.7-128gb-rom-6gb-ram4352mah-graphite-apple-mpg7661884.html,https://ng.jumia.is/unsafe/fit-in/300x300/filters:fill(white)/product/15/1970172/1.jpg?0726,2025-03-13,iphone 13 pro max,128GB
"Apple Iphone 13 Pro 5G - 6.1"" 128Gb Rom, 6Gb Rom - Sierra Blue",950000,https://www.jumia.com.ng//iphone-13-pro-5g-6.1-128gb-rom-6gb-rom-sierra-blue-apple-mpg7710397.html,https://ng.jumia.is/unsafe/fit-in/300x300/filters:fill(white)/product/47/0909172/1.jpg?1957,2025-03-13,iphone 13 pro,128GB
"Apple Iphone 12 Pro Max 5G - 6.7"" 256Gb Rom, 6Gb Rom - Gold",930000,https://www.jumia.com.ng//apple-iphone-12-pro-max-5g-6.7-256gb-rom-6gb-rom-gold-324986004.html,https://ng.jumia.is/unsafe/fit-in/300x300/filters:fill(white)/product/40/0689423/1.jpg?0358,2025-03-13,iphone 12 pro,256GB
"Apple Iphone 15 Pro Max 6.7"" - 256Gb Nano-Sim & Esim 5G",1950000,https://www.jumia.com.ng//apple-iphone-15-pro-max-6.7-256gb-nano-sim-esim-5g-397687328.html,https://ng.jumia.is/unsafe/fit-in/300x300/filters:fill(white)/product/82/3786793/1.jpg?8545,2025-03-13,iphone 15 pro max,256GB
"Apple Iphone 13 - 6.1Inch - 128Gb Rom, 4Gb Ram - Ios 15 -3240Mah",790000,https://www.jumia.com.ng//iphone-13-6.1inch-128gb-rom-4gb-ram-ios-15-3240mah-apple-mpg7634607.html,https://ng.jumia.is/unsafe/fit-in/300x300/filters:fill(white)/product/29/5219172/1.jpg?6200,2025-03-13,iphone 13,128GB
"Apple Iphone 15 Pro 6.1"" (128Gb Rom + 8Gb Ram) Nano Sim - Blue",1600000,https://www.jumia.com.ng//apple-iphone-15-pro-6.1-128gb-rom-8gb-ram-nano-sim-blue-389800525.html,https://ng.jumia.is/unsafe/fit-in/300x300/filters:fill(white)/product/52/5008983/1.jpg?6963,2025-03-13,iphone 15 pro,128GB
"Apple Iphone 14 Pro Max 6.7"" (128Gb Rom + 6Gb Ram) Nano Sim- Black",1490000,https://www.jumia.com.ng//apple-iphone-14-pro-max-6.7-128gb-rom-6gb-ram-nano-sim-black-321404202.html,https://ng.jumia.is/unsafe/fit-in/300x300/filters:fill(white)/product/20/2404123/1.jpg?0247,2025-03-13,iphone 14 pro max,128GB
"Apple Iphone 13 Pro Max - 6.7"" 128Gb Rom, 6Gb Ram, 4352Mah - Gold",1100000,https://www.jumia.com.ng//apple-iphone-13-pro-max-6.7-128gb-rom-6gb-ram-4352mah-gold-271079154.html,https://ng.jumia.is/unsafe/fit-in/300x300/filters:fill(white)/product/45/1970172/1.jpg?0725,2025-03-13,iphone 13 pro max,128GB
"Apple Iphone 12 Pro Max 5G - 6.7"" 256Gb Rom, 6Gb Rom - Graphite",930000,https://www.jumia.com.ng//apple-iphone-12-pro-max-5g-6.7-256gb-rom-6gb-rom-graphite-324985583.html,https://ng.jumia.is/unsafe/fit-in/300x300/filters:fill(white)/product/38/5589423/1.jpg?0359,2025-03-13,iphone 12 pro,256GB
"Apple Iphone 11 - 6.1"" 128Gb Rom, 4Gb Ram, 3110Mah - Purple",790000,https://www.jumia.com.ng//iphone-11-6.1-128gb-rom-4gb-ram-3110mah-purple-apple-mpg7680440.html,https://ng.jumia.is/unsafe/fit-in/300x300/filters:fill(white)/product/15/5652852/1.jpg?0850,2025-03-13,iphone 11,128GB
"Apple Iphone 13 Pro Max - 6.7"" 128Gb Rom, 6Gb Rom 5G - Blue",1100000,https://www.jumia.com.ng//apple-iphone-13-pro-max-6.7-128gb-rom-6gb-rom-5g-blue-270118345.html,https://ng.jumia.is/unsafe/fit-in/300x300/filters:fill(white)/product/54/3811072/1.jpg?4630,2025-03-13,iphone 13 pro max,128GB
"Apple Iphone 12 - 6.1"" 64Gb Rom, 4Gb Ram, 2815Mah - Blue",760000,https://www.jumia.com.ng//iphone-12-6.1-64gb-rom-4gb-ram-2815mah-blue-apple-mpg7042064.html,https://ng.jumia.is/unsafe/fit-in/300x300/filters:fill(white)/product/90/5520172/1.jpg?8367,2025-03-13,iphone 12,64GB
"Apple Iphone 11 Pro Max 256/4Gb (12Pm+12Pm+12Pm) 6.5"" 3969Mah",764000,https://www.jumia.com.ng//iphone-11-pro-max-2564gb-12pm12pm12pm-6.5-3969mah-apple-mpg9165128.html,https://ng.jumia.is/unsafe/fit-in/300x300/filters:fill(white)/product/89/2729852/1.jpg?7982,2025-03-13,iphone 11 pro max,256GB
Apple Iphone 11. 6.1-Inch 64Gb Rom 4G Lte Single Nano Sim,549699,https://www.jumia.com.ng//apple-iphone-11.-6.1-inch-64gb-rom-4g-lte-single-nano-sim-338784036.html,https://ng.jumia.is/unsafe/fit-in/300x300/filters:fill(white)/product/63/0487833/1.jpg?1300,2025-03-13,iphone 11,64GB
"Apple Iphone 12 Pro Max - 6.7"" 128Gb Rom, 6Gb Rom 5G - Silver",900000,https://www.jumia.com.ng//apple-iphone12-pro-max-6.7-128gb-rom-6gb-rom-5g-silver-270118225.html,https://ng.jumia.is/unsafe/fit-in/300x300/filters:fill(white)/product/52/2811072/1.jpg?3249,2025-03-13,iphone 12 pro,128GB
"Apple Iphone 13 Pro 5G - 6.1"" 128Gb Rom, 6Gb Rom - Sierra Blue",950000,https://www.jumia.com.ng//apple-iphone-13-pro-5g-6.1-128gb-rom-6gb-rom-sierra-blue-272340567.html,https://ng.jumia.is/unsafe/fit-in/300x300/filters:fill(white)/product/76/5043272/1.jpg?0532,2025-03-13,iphone 13 pro,128GB
"Apple Iphone 13 Pro Max 6.7"" - 256Gb Rom + 6Gb Ram - Ios 15, 5G",1230000,https://www.jumia.com.ng//iphone-13-pro-max-6.7-256gb-rom-6gb-ram-ios-15-5g-apple-mpg7096360.html,https://ng.jumia.is/unsafe/fit-in/300x300/filters:fill(white)/product/00/1643972/1.jpg?7236,2025-03-13,iphone 13 pro max,256GB
"Apple Iphone 11 Pro Max - 6.5"" - 4Gb Ram, 64Gb Rom - Gold",760000,https://www.jumia.com.ng//iphone-11-pro-max-6.5-4gb-ram-64gb-rom-gold-apple-mpg7634523.html,https://ng.jumia.is/unsafe/fit-in/300x300/filters:fill(white)/product/97/0921472/1.jpg?3748,2025-03-13,iphone 11 pro max,64GB
"Apple Iphone 13 Pro Max - 6.7"" 256Gb Rom, 6Gb Ram, 4352Mah - Blue",1200000,https://www.jumia.com.ng//iphone-13-pro-max-6.7-256gb-rom-6gb-ram-4352mah-blue-apple-mpg7092239.html,https://ng.jumia.is/unsafe/fit-in/300x300/filters:fill(white)/product/16/1970172/1.jpg?0725,2025-03-13,iphone 13 pro max,256GB
"Apple Iphone 12 Pro Max - 6.7Inch - 256Gb, 6Gb Ram - Ios 14 - Gold",920000,https://www.jumia.com.ng//apple-iphone-12-pro-max-6.7inch-256gb-6gb-ram-ios-14-gold-270083495.html,https://ng.jumia.is/unsafe/fit-in/300x300/filters:fill(white)/product/59/4380072/1.jpg?1854,2025-03-13,iphone 12 pro,256GB
"Apple Iphone 14 Pro Max 6.7"" - 128Gb Rom, 6Gb Ram - Ios 16 - Nano Sim - Gold",1400000,https://www.jumia.com.ng//apple-iphone-14-pro-max-6.7-128gb-rom-6gb-ram-ios-16-nano-sim-gold-401688730.html,https://ng.jumia.is/unsafe/fit-in/300x300/filters:fill(white)/product/03/7886104/1.jpg?6315,2025-03-13,iphone 14 pro max,128GB
"Apple Iphone 12 Pro Max - 6.7Inch - 256Gb, 6Gb Ram - Ios 14 - Gold",910000,https://www.jumia.com.ng//iphone-12-pro-max-6.7inch-256gb-6gb-ram-ios-14-gold-apple-mpg7137993.html,https://ng.jumia.is/unsafe/fit-in/300x300/filters:fill(white)/product/67/7187672/1.jpg?4987,2025-03-13,iphone 12 pro,256GB
"Apple Iphone 15 Pro 6.1"" (128Gb Rom + 8Gb Ram) Nano Sim - Natural",1600000,https://www.jumia.com.ng//apple-iphone-15-pro-6.1-128gb-rom-8gb-ram-nano-sim-natural-389800334.html,https://ng.jumia.is/unsafe/fit-in/300x300/filters:fill(white)/product/43/3008983/1.jpg?6961,2025-03-13,iphone 15 pro,128GB
"Apple Iphone 12 - 6.1"" 128Gb Rom, 4Gb Ram, 2815Mah - Green",760000,https://www.jumia.com.ng//iphone-12-6.1-128gb-rom-4gb-ram-2815mah-green-apple-mpg4666825.html,https://ng.jumia.is/unsafe/fit-in/300x300/filters:fill(white)/product/74/8620172/1.jpg?9285,2025-03-13,iphone 12,128GB
"Apple Iphone 13 Pro Max - 6.7"" 128Gb Rom, 6Gb Rom 5G - Green",1100000,https://www.jumia.com.ng//apple-iphone-13-pro-max-6.7-128gb-rom-6gb-rom-5g-green-270118347.html,https://ng.jumia.is/unsafe/fit-in/300x300/filters:fill(white)/product/74/3811072/1.jpg?4631,2025-03-13,iphone 13 pro max,128GB
"Apple Iphone 14 Pro Max 6.7"" - 256Gb Rom + 6Gb Ram - Ios 16 - Nano Sim- Gold",1500000,https://www.jumia.com.ng//apple-iphone-14-pro-max-6.7-256gb-rom-6gb-ram-ios-16-nano-sim-gold-401277393.html,https://ng.jumia.is/unsafe/fit-in/300x300/filters:fill(white)/product/39/3772104/1.jpg?8109,2025-03-13,iphone 14 pro max,256GB
"Apple Iphone 13 Pro Max - 6.7"" 256Gb Rom, 6Gb Ram, 4352Mah - Gold",1200000,https://www.jumia.com.ng//iphone-13-pro-max-6.7-256gb-rom-6gb-ram-4352mah-gold-apple-mpg7112623.html,https://ng.jumia.is/unsafe/fit-in/300x300/filters:fill(white)/product/75/1970172/1.jpg?0725,2025-03-13,iphone 13 pro max,256GB
"Apple Iphone Xr - 6.1"" - 3Gb Ram, 64Gb Rom, 4G, 2942Mah - Blue",760000,https://www.jumia.com.ng//iphone-xr-6.1-3gb-ram-64gb-rom-4g-2942mah-blue-apple-mpg7043127.html,https://ng.jumia.is/unsafe/fit-in/300x300/filters:fill(white)/product/63/2082472/1.jpg?5784,2025-03-13,iphone xr,64GB
"Apple Iphone 13 - 6.1Inch - 128Gb Rom, 4Gb Ram - Ios 15 -3240Mah",790000,https://www.jumia.com.ng//iphone-13-6.1inch-128gb-rom-4gb-ram-ios-15-3240mah-apple-mpg7765436.html,https://ng.jumia.is/unsafe/fit-in/300x300/filters:fill(white)/product/83/3717172/1.jpg?5928,2025-03-13,iphone 13,128GB
"Apple Iphone 12 Pro Max (6.7 Inch) (6Gb Ram, 256Gb Rom) 5G",920000,https://www.jumia.com.ng//iphone-12-pro-max-6.7-inch-6gb-ram-256gb-rom-5g-apple-mpg7173300.html,https://ng.jumia.is/unsafe/fit-in/300x300/filters:fill(white)/product/51/7565172/1.jpg?3258,2025-03-13,iphone 12 pro,256GB
"Apple Iphone 12 Pro Max - 6.7-Inch - 128Gb Rom, 6Gb Ram - 3969Mah",870000,https://www.jumia.com.ng//iphone-12-pro-max-6.7-inch-128gb-rom-6gb-ram-3969mah-apple-mpg7063306.html,https://ng.jumia.is/unsafe/fit-in/300x300/filters:fill(white)/product/97/7187672/1.jpg?4987,2025-03-13,iphone 12 pro,128GB
"Apple Iphone 12 Pro Max 5G - 6.7"" 256Gb Rom, 6Gb Rom - Blue",930000,https://www.jumia.com.ng//apple-iphone-12-pro-max-5g-6.7-256gb-rom-6gb-rom-blue-324985854.html,https://ng.jumia.is/unsafe/fit-in/300x300/filters:fill(white)/product/45/8589423/1.jpg?0358,2025-03-13,iphone 12 pro,256GB
"Apple Iphone 12 Pro - 6.1"" - 128Gb Rom, 6Gb Ram - Nano Sim - Pacific Blue",755000,https://www.jumia.com.ng//apple-iphone-12-pro-6.1-128gb-rom-6gb-ram-nano-sim-pacific-blue-401550663.html,https://ng.jumia.is/unsafe/fit-in/300x300/filters:fill(white)/product/36/6055104/1.jpg?3265,2025-03-13,iphone 12 pro,128GB
"Apple Iphone 13 - 6.1"" - 4Gb + 128Gb - Ios 16 - Blue",750999,https://www.jumia.com.ng//apple-iphone-13-6.1-4gb-128gb-ios-16-blue-227064132.html,https://ng.jumia.is/unsafe/fit-in/300x300/filters:fill(white)/product/23/1460722/1.jpg?6297,2025-03-13,iphone 13,128GB
"Apple Iphone 13 - 6.1Inch - 128Gb Rom, 4Gb Ram - Ios 15 -3240Mah",790000,https://www.jumia.com.ng//iphone-13-6.1inch-128gb-rom-4gb-ram-ios-15-3240mah-apple-mpg8549090.html,https://ng.jumia.is/unsafe/fit-in/300x300/filters:fill(white)/product/09/5219172/1.jpg?6200,2025-03-13,iphone 13,128GB
"Apple Iphone 11 - 6.1"" 64Gb Rom, 4Gb Ram, 3110Mah - Green",790000,https://www.jumia.com.ng//iphone-11-6.1-64gb-rom-4gb-ram-3110mah-green-apple-mpg7135177.html,https://ng.jumia.is/unsafe/fit-in/300x300/filters:fill(white)/product/48/4652852/1.jpg?9981,2025-03-13,iphone 11,64GB
"Apple Iphone 12 Pro Max - 6.7"" 256Gb Rom, 6Gb Ram, 3687Mah - Blue",920000,https://www.jumia.com.ng//iphone-12-pro-max-6.7-256gb-rom-6gb-ram-3687mah-blue-apple-mpg7107070.html,https://ng.jumia.is/unsafe/fit-in/300x300/filters:fill(white)/product/53/1970172/1.jpg?0727,2025-03-13,iphone 12 pro,256GB
"Apple Iphone 12 Pro Max - 6.7"" - 6Gb Ram, 128Gb Rom, 5G - Gold",880000,https://www.jumia.com.ng//iphone-12-pro-max-6.7-6gb-ram-128gb-rom-5g-gold-apple-mpg7062508.html,https://ng.jumia.is/unsafe/fit-in/300x300/filters:fill(white)/product/17/4242472/1.jpg?7920,2025-03-13,iphone 12 pro,128GB
"Apple Iphone 14 Pro Max 6.7"" (128Gb Rom + 6Gb Ram) Nano Sim - Gold",1490000,https://www.jumia.com.ng//apple-iphone-14-pro-max-6.7-128gb-rom-6gb-ram-nano-sim-gold-321349531.html,https://ng.jumia.is/unsafe/fit-in/300x300/filters:fill(white)/product/13/5943123/1.jpg?4916,2025-03-13,iphone 14 pro max,128GB
"Apple Iphone 14 Pro 6.1"" (256Gb Rom + 6Gb Ram) Nano Sim - Black",1400000,https://www.jumia.com.ng//apple-iphone-14-pro-6.1-256gb-rom-6gb-ram-nano-sim-black-321477683.html,https://ng.jumia.is/unsafe/fit-in/300x300/filters:fill(white)/product/38/6774123/1.jpg?0503,2025-03-13,iphone 14 pro,256GB
"Apple Iphone 14 Pro Max 6.7"" - 256Gb Rom - 6Gb Ram - Ios 16 - Nano Sim - Deep Purple",1500000,https://www.jumia.com.ng//apple-iphone-14-pro-max-6.7-256gb-rom-6gb-ram-ios-16-nano-sim-deep-purple-401546778.html,https://ng.jumia.is/unsafe/fit-in/300x300/filters:fill(white)/product/87/7645104/1.jpg?9786,2025-03-13,iphone 14 pro max,256GB
"Apple Iphone 15 Pro 6.1"" (256Gb Rom + 8Gb Ram) Nano Sim - Blue",1700000,https://www.jumia.com.ng//apple-iphone-15-pro-6.1-256gb-rom-8gb-ram-nano-sim-blue-389800011.html,https://ng.jumia.is/unsafe/fit-in/300x300/filters:fill(white)/product/11/0008983/1.jpg?6956,2025-03-13,iphone 15 pro,256GB
"Apple Iphone 11 - 6.1"" 128Gb Rom, 4Gb Ram, 3110Mah - Green",790000,https://www.jumia.com.ng//iphone-11-6.1-128gb-rom-4gb-ram-3110mah-green-apple-mpg7638423.html,https://ng.jumia.is/unsafe/fit-in/300x300/filters:fill(white)/product/25/5652852/1.jpg?0850,2025-03-13,iphone 11,128GB
"Apple Iphone 11 - 6.1"" 64Gb Rom, 4Gb Ram, 3110Mah - White",790000,https://www.jumia.com.ng//iphone-11-6.1-64gb-rom-4gb-ram-3110mah-white-apple-mpg7130605.html,https://ng.jumia.is/unsafe/fit-in/300x300/filters:fill(white)/product/18/4652852/1.jpg?9981,2025-03-13,iphone 11,64GB
"Apple Iphone 12 Pro Max 5G - 6.7"" (256Gb/6Gb) + Powerbank - Gold",930000,https://www.jumia.com.ng//apple-iphone-12-pro-max-5g-6.7-256gb6gb-powerbank-gold-325506542.html,https://ng.jumia.is/unsafe/fit-in/300x300/filters:fill(white)/product/24/5605523/1.jpg?3388,2025-03-13,iphone 12 pro,256GB
"Apple Iphone 13 Pro Max - 6.7"" - 128Gb Rom - 6Gb Ram - Ios 15 - 4352Mah - Graphite",1177000,https://www.jumia.com.ng//apple-iphone-13-pro-max-6.7-128gb-rom-6gb-ram-ios-15-4352mah-graphite-401562248.html,https://ng.jumia.is/unsafe/fit-in/300x300/filters:fill(white)/product/84/2265104/1.jpg?2065,2025-03-13,iphone 13 pro max,128GB
"Apple Iphone 12 Pro Max - 6.7"" - 6Gb Ram, 256Gb Rom, 5G - Gold",920000,https://www.jumia.com.ng//iphone-12-pro-max-6.7-6gb-ram-256gb-rom-5g-gold-apple-mpg7092733.html,https://ng.jumia.is/unsafe/fit-in/300x300/filters:fill(white)/product/48/8713472/1.jpg?0730,2025-03-13,iphone 12 pro,256GB
"Apple Iphone 12 Pro (6.1 Inch) 5G (6Gb Ram, 128Gb Rom)- Gold",760000,https://www.jumia.com.ng//iphone-12-pro-6.1-inch-5g-6gb-ram-128gb-rom-gold-apple-mpg7131427.html,https://ng.jumia.is/unsafe/fit-in/300x300/filters:fill(white)/product/20/6812812/1.jpg?8132,2025-03-13,iphone 12 pro,128GB
"Apple Iphone 13 Pro Max - 6.7"" 128Gb Rom, 6Gb Rom 5G - Gold",1050000,https://www.jumia.com.ng//apple-iphone-13-pro-max-6.7-128gb-rom-6gb-rom-5g-gold-270118346.html,https://ng.jumia.is/unsafe/fit-in/300x300/filters:fill(white)/product/64/3811072/1.jpg?4631,2025-03-13,iphone 13 pro max,128GB
"Apple Iphone 15 Pro Max 6.7"" - 512Gb Nano-Sim & Esim 5G",2100000,https://www.jumia.com.ng//apple-iphone-15-pro-max-6.7-512gb-nano-sim-esim-5g-402361657.html,https://ng.jumia.is/unsafe/fit-in/300x300/filters:fill(white)/product/75/6163204/1.jpg?0887,2025-03-13,iphone 15 pro max,512GB
"Apple Iphone 14 Pro Max 6.7"" - 128Gb Rom, 6Gb Ram - Ios 16 - Nano Sim - Gold",1400000,https://www.jumia.com.ng//apple-iphone-14-pro-max-6.7-128gb-rom-6gb-ram-ios-16-nano-sim-gold-401546762.html,https://ng.jumia.is/unsafe/fit-in/300x300/filters:fill(white)/product/26/7645104/1.jpg?9425,2025-03-13,iphone 14 pro max,128GB
"Apple Iphone 13 Pro 5G - 6.1"" 128Gb Rom, 6Gb Ram - Gold.",950000,https://www.jumia.com.ng//apple-iphone-13-pro-5g-6.1-128gb-rom-6gb-ram-gold.-291793537.html,https://ng.jumia.is/unsafe/fit-in/300x300/filters:fill(white)/product/73/5397192/1.jpg?0699,2025-03-13,iphone 13 pro,128GB
"Apple Iphone 13 - 6.1"" - 128Gb Rom - 4Gb Ram - Ios 15 - 3240Mah - Green",788000,https://www.jumia.com.ng//apple-iphone-13-6.1-128gb-rom-4gb-ram-ios-15-3240mah-green-401862872.html,https://ng.jumia.is/unsafe/fit-in/300x300/filters:fill(white)/product/27/8268104/1.jpg?5266,2025-03-13,iphone 13,128GB
"Apple Iphone 14 Pro Max 6.7"" - 256Gb Rom + 6Gb Ram - Ios 16 - Nano Sim- Gold",1500000,https://www.jumia.com.ng//apple-iphone-14-pro-max-6.7-256gb-rom-6gb-ram-ios-16-nano-sim-gold-401546824.html,https://ng.jumia.is/unsafe/fit-in/300x300/filters:fill(white)/product/42/8645104/1.jpg?9966,2025-03-13,iphone 14 pro max,256GB
"Apple Iphone 13 Pro Max - 6.7"" - 256Gb Rom - 6Gb Ram - Ios 15 - 4352Mah - Gold",1228000,https://www.jumia.com.ng//apple-iphone-13-pro-max-6.7-256gb-rom-6gb-ram-ios-15-4352mah-gold-401677586.html,https://ng.jumia.is/unsafe/fit-in/300x300/filters:fill(white)/product/68/5776104/1.jpg?4906,2025-03-13,iphone 13 pro max,256GB
"Apple Iphone 13 - 6.1"" - 256Gb Rom - 4Gb Ram - Ios 15 - 3240Mah - Blue",895000,https://www.jumia.com.ng//apple-iphone-13-6.1-256gb-rom-4gb-ram-ios-15-3240mah-blue-401562195.html,https://ng.jumia.is/unsafe/fit-in/300x300/filters:fill(white)/product/59/1265104/1.jpg?1105,2025-03-13,iphone 13,256GB
"Apple Iphone 13 Pro Max - 6.7"" - 6Gb Ram, 128Gb Rom, 5G - Graphite",1100000,https://www.jumia.com.ng//iphone-13-pro-max-6.7-6gb-ram-128gb-rom-5g-graphite-apple-mpg7654387.html,https://ng.jumia.is/unsafe/fit-in/300x300/filters:fill(white)/product/11/7052472/1.jpg?8791,2025-03-13,iphone 13 pro max,128GB
"Apple Iphone 13 - 6.1"" - 128Gb Rom, 4Gb Ram, 3240Mah - Black",790000,https://www.jumia.com.ng//apple-iphone-13-6.1-128gb-rom-4gb-ram-3240mah-black-271088069.html,https://ng.jumia.is/unsafe/fit-in/300x300/filters:fill(white)/product/96/0880172/1.jpg?9410,2025-03-13,iphone 13,128GB
"Apple Iphone 12 - 6.1"" 128Gb Rom, 4Gb Ram, 2815Mah - White",760000,https://www.jumia.com.ng//iphone-12-6.1-128gb-rom-4gb-ram-2815mah-white-apple-mpg7108860.html,https://ng.jumia.is/unsafe/fit-in/300x300/filters:fill(white)/product/31/8620172/1.jpg?9285,2025-03-13,iphone 12,128GB
"Apple Iphone 11 - 6.1"" - 4Gb Ram, 128Gb Rom, 3110Mah - Black",790000,https://www.jumia.com.ng//iphone-11-6.1-4gb-ram-128gb-rom-3110mah-black-apple-mpg7094587.html,https://ng.jumia.is/unsafe/fit-in/300x300/filters:fill(white)/product/50/6821472/1.jpg?2789,2025-03-13,iphone 11,128GB
"Apple Iphone 11 Pro Max (4Gbram, 256Gb Rom) 4G Lte Smartphone-Gold",760000,https://www.jumia.com.ng//iphone-11-pro-max-6.5-256gb-4gb-ram-3969mah-gold-apple-mpg3768346.html,https://ng.jumia.is/unsafe/fit-in/300x300/filters:fill(white)/product/82/2566612/1.jpg?1771,2025-03-13,iphone 11 pro max,256GB
"Apple Iphone 11 - 6.1"" - 4Gb Ram, 128Gb Rom, 3110Mah - Purple",790000,https://www.jumia.com.ng//iphone-11-6.1-4gb-ram-128gb-rom-3110mah-purple-apple-mpg7967418.html,https://ng.jumia.is/unsafe/fit-in/300x300/filters:fill(white)/product/33/7821472/1.jpg?3026,2025-03-13,iphone 11,128GB
"Apple Iphone 13 Pro Max - 6.7"" 128Gb Rom, 6Gb Ram, 4352Mah - Blue",1100000,https://www.jumia.com.ng//iphone-13-pro-max-6.7-128gb-rom-6gb-ram-4352mah-gold-apple-mpg7636116.html,https://ng.jumia.is/unsafe/fit-in/300x300/filters:fill(white)/product/84/1970172/1.jpg?0726,2025-03-13,iphone 13 pro max,128GB
"Apple Iphone 12 Pro Max - 6.7-Inch - 128Gb Rom, 6Gb Ram - Ios 14",870000,https://www.jumia.com.ng//iphone-12-pro-max-6.7-inch-128gb-rom-6gb-ram-ios-14-apple-mpg7086755.html,https://ng.jumia.is/unsafe/fit-in/300x300/filters:fill(white)/product/68/7187672/1.jpg?4987,2025-03-13,iphone 12 pro,128GB
"Apple Iphone 12 Pro Max - 6.7"" - 128Gb Rom - 6Gb Ram - 5G - Single Sim & Esim - 5000Mah.",855999,https://www.jumia.com.ng//iphone-12-pro-max-6.7-128gb-rom-6gb-ram-5g-single-sim-esim-5000mah.-apple-mpg7635369.html,https://ng.jumia.is/unsafe/fit-in/300x300/filters:fill(white)/product/46/2793763/1.jpg?1489,2025-03-13,iphone 12 pro,128GB
"Apple Iphone 14 Pro Max 6.7"" - 256Gb Rom - 6Gb Ram - Ios 16 - Nano Sim - Deep Purple",1500000,https://www.jumia.com.ng//apple-iphone-14-pro-max-6.7-256gb-rom-6gb-ram-ios-16-nano-sim-deep-purple-401279280.html,https://ng.jumia.is/unsafe/fit-in/300x300/filters:fill(white)/product/08/2972104/1.jpg?9185,2025-03-13,iphone 14 pro max,256GB
"Apple Iphone 11 - 6.1"" - 4Gb Ram, 64Gb Rom, 3110Mah - Purple",790000,https://www.jumia.com.ng//iphone-11-6.1-4gb-ram-64gb-rom-3110mah-purple-apple-mpg7710230.html,https://ng.jumia.is/unsafe/fit-in/300x300/filters:fill(white)/product/45/3821472/1.jpg?2188,2025-03-13,iphone 11,64GB
"Apple Iphone 12 Pro (6.1 Inch) 5G (6Gb Ram, 256Gb Rom) - Pacific Blue",780000,https://www.jumia.com.ng//apple-iphone-12-pro-6.1-inch-5g-6gb-ram-256gb-rom-pacific-blue-401550530.html,https://ng.jumia.is/unsafe/fit-in/300x300/filters:fill(white)/product/03/5055104/1.jpg?3145,2025-03-13,iphone 12 pro,256GB
"Apple Iphone 14 - 6.1"" - 128Gb + 6Gb Ram - 1 Sim +1 Esim - 5G - Yellow",1050000,https://www.jumia.com.ng//apple-iphone-14-6.1-128gb-6gb-ram-1-sim-1-esim-5g-yellow-401763648.html,https://ng.jumia.is/unsafe/fit-in/300x300/filters:fill(white)/product/84/6367104/1.jpg?6507,2025-03-13,iphone 14,128GB
"Apple Iphone 13 Pro Max 6.7"" - 128Gb Rom + 6Gb Ram - Ios 15, 5G",1100000,https://www.jumia.com.ng//apple-iphone-13-pro-max-6.7-128gb-rom-6gb-ram-ios-15-5g-252690604.html,https://ng.jumia.is/unsafe/fit-in/300x300/filters:fill(white)/product/40/6096252/1.jpg?8309,2025-03-13,iphone 13 pro max,128GB
"Apple Iphone 13 Pro 5G - 6.1"" 256Gb Rom, 6Gb Rom - Gold",980000,https://www.jumia.com.ng//apple-iphone-13-pro-5g-6.1-256gb-rom-6gb-rom-gold-400451998.html,https://ng.jumia.is/unsafe/fit-in/300x300/filters:fill(white)/product/89/9154004/1.jpg?1789,2025-03-13,iphone 13 pro,256GB
"Apple Iphone 14 Pro Max 6.7"" - 128Gb Rom, 6Gb Ram - Ios 16 - Nano Sim - Deep Purple",1400000,https://www.jumia.com.ng//apple-iphone-14-pro-max-6.7-128gb-rom-6gb-ram-ios-16-nano-sim-deep-purple-401445254.html,https://ng.jumia.is/unsafe/fit-in/300x300/filters:fill(white)/product/45/2544104/1.jpg?6223,2025-03-13,iphone 14 pro max,128GB
"Apple Iphone 13 Pro Max - 6.7"" - 256Gb Rom - 6Gb Ram - Ios 15 - 4352Mah - Blue",1228000,https://www.jumia.com.ng//apple-iphone-13-pro-max-6.7-256gb-rom-6gb-ram-ios-15-4352mah-blue-401562284.html,https://ng.jumia.is/unsafe/fit-in/300x300/filters:fill(white)/product/48/2265104/1.jpg?3144,2025-03-13,iphone 13 pro max,256GB
"Apple Iphone 12 Pro Max - 6.7"" - 6Gb Ram, 128Gb Rom, 5G - Blue",880000,https://www.jumia.com.ng//iphone-12-pro-max-6.7-6gb-ram-128gb-rom-5g-blue-apple-mpg7088916.html,https://ng.jumia.is/unsafe/fit-in/300x300/filters:fill(white)/product/45/4242472/1.jpg?6247,2025-03-13,iphone 12 pro,128GB
"Apple Iphone 14 Pro 6.1"" (128Gb Rom + 6Gb Ram) Nano Sim - Gold",1380000,https://www.jumia.com.ng//apple-iphone-14-pro-6.1-128gb-rom-6gb-ram-nano-sim-gold-321471839.html,https://ng.jumia.is/unsafe/fit-in/300x300/filters:fill(white)/product/93/8174123/1.jpg?6236,2025-03-13,iphone 14 pro,128GB
"Apple Iphone 14 - 6.1"" - 256Gb + 6Gb Ram - 1 Sim +1 Esim - 5G - Starlight",1150000,https://www.jumia.com.ng//apple-iphone-14-6.1-256gb-6gb-ram-1-sim-1-esim-5g-starlight-401763672.html,https://ng.jumia.is/unsafe/fit-in/300x300/filters:fill(white)/product/27/6367104/1.jpg?7289,2025-03-13,iphone 14,256GB
"Apple Iphone 12 Pro Max - 6.7"" 128Gb Rom, 6Gb Rom 5G - Gold",890000,https://www.jumia.com.ng//apple-iphone12-pro-max-6.7-128gb-rom-6gb-rom-5g-gold-270118224.html,https://ng.jumia.is/unsafe/fit-in/300x300/filters:fill(white)/product/42/2811072/1.jpg?3249,2025-03-13,iphone 12 pro,128GB
"Apple Iphone 13 Pro 5G - 6.1"" 256Gb Rom, 6Gb Rom - Sierra Blue",980000,https://www.jumia.com.ng//apple-iphone-13-pro-5g-6.1-256gb-rom-6gb-rom-sierra-blue-400491936.html,https://ng.jumia.is/unsafe/fit-in/300x300/filters:fill(white)/product/63/9194004/1.jpg?5066,2025-03-13,iphone 13 pro,256GB
"Apple Iphone 13 Pro Max - 6.7"" 128Gb Rom, 6Gb Ram, 4352Mah - Gold",1100000,https://www.jumia.com.ng//iphone-13-pro-max-6.7-128gb-rom-6gb-ram-4352mah-gold-apple-mpg7282672.html,https://ng.jumia.is/unsafe/fit-in/300x300/filters:fill(white)/product/79/4470172/1.jpg?7290,2025-03-13,iphone 13 pro max,128GB
"Apple Iphone 13 - 6.1"" - 256Gb Rom - 4Gb Ram - Ios 15 - 3240Mah - Blue",895000,https://www.jumia.com.ng//apple-iphone-13-6.1-256gb-rom-4gb-ram-ios-15-3240mah-blue-401686534.html,https://ng.jumia.is/unsafe/fit-in/300x300/filters:fill(white)/product/43/5686104/1.jpg?9179,2025-03-13,iphone 13,256GB
"Apple Iphone 11 - 6.1"" 128Gb Rom, 4Gb Ram, 3110Mah - Black",790000,https://www.jumia.com.ng//iphone-11-6.1-128gb-rom-4gb-ram-3110mah-black-apple-mpg7074531.html,https://ng.jumia.is/unsafe/fit-in/300x300/filters:fill(white)/product/39/5652852/1.jpg?1188,2025-03-13,iphone 11,128GB
"Apple Iphone 13 Pro Max - 6.7"" - 128Gb Rom - 6Gb Ram - Ios 15 - 4352Mah - Gold",1177000,https://www.jumia.com.ng//apple-iphone-13-pro-max-6.7-128gb-rom-6gb-ram-ios-15-4352mah-gold-401677574.html,https://ng.jumia.is/unsafe/fit-in/300x300/filters:fill(white)/product/47/5776104/1.jpg?4246,2025-03-13,iphone 13 pro max,128GB
"Apple Iphone 14 Pro Max 6.7"" - 128Gb Rom, 6Gb Ram - Ios 16 - Nano Sim - Gold",1400000,https://www.jumia.com.ng//apple-iphone-14-pro-max-6.7-128gb-rom-6gb-ram-ios-16-nano-sim-gold-401688726.html,https://ng.jumia.is/unsafe/fit-in/300x300/filters:fill(white)/product/62/7886104/1.jpg?6300,2025-03-13,iphone 14 pro max,128GB
"Apple Iphone 13 Pro Max - 6.7"" 256Gb Rom, 6Gb Ram, 4352Ma - Blue",1250000,https://www.jumia.com.ng//apple-iphone-13-pro-max-6.7-256gb-rom-6gb-ram-4352ma-blue-271241257.html,https://ng.jumia.is/unsafe/fit-in/300x300/filters:fill(white)/product/75/2142172/1.jpg?3152,2025-03-13,iphone 13 pro max,256GB
"Apple Iphone 13 - 6.1Inch - 4Gb Ram, 128Gb Rom - Ios 15 - 3420Mah",785000,https://www.jumia.com.ng//iphone-13-6.1inch-4gb-ram-128gb-rom-ios-15-3420mah-apple-mpg7908479.html,https://ng.jumia.is/unsafe/fit-in/300x300/filters:fill(white)/product/68/1809172/1.jpg?0580,2025-03-13,iphone 13,128GB
"Apple Iphone 13 Pro 5G - 6.1"" 128Gb Rom, 6Gb Rom - Gold",950000,https://www.jumia.com.ng//iphone-13-pro-5g-6.1-128gb-rom-6gb-rom-gold-apple-mpg7865540.html,https://ng.jumia.is/unsafe/fit-in/300x300/filters:fill(white)/product/37/0909172/1.jpg?1957,2025-03-13,iphone 13 pro,128GB
"Apple Iphone 14 - 6.1"" - 128Gb + 6Gb Ram - 1 Sim +1 Esim - 5G - Blue",1050000,https://www.jumia.com.ng//apple-iphone-14-6.1-128gb-6gb-ram-1-sim-1-esim-5g-blue-401763654.html,https://ng.jumia.is/unsafe/fit-in/300x300/filters:fill(white)/product/45/6367104/1.jpg?6805,2025-03-13,iphone 14,128GB
"Apple Iphone 13 Pro Max - 6.7"" - 256Gb Rom - 6Gb Ram - Ios 15 - 4352Mah - Graphite",1228000,https://www.jumia.com.ng//apple-iphone-13-pro-max-6.7-256gb-rom-6gb-ram-ios-15-4352mah-graphite-401686712.html,https://ng.jumia.is/unsafe/fit-in/300x300/filters:fill(white)/product/21/7686104/1.jpg?9183,2025-03-13,iphone 13 pro max,256GB
"Apple Iphone 14 - 6.1"" - 256Gb + 6Gb Ram - 1 Sim +1 Esim - 5G - Midnight",1150000,https://www.jumia.com.ng//apple-iphone-14-6.1-256gb-6gb-ram-1-sim-1-esim-5g-midnight-401763661.html,https://ng.jumia.is/unsafe/fit-in/300x300/filters:fill(white)/product/16/6367104/1.jpg?7047,2025-03-13,iphone 14,256GB
"Apple Iphone 14 Pro Max 6.7"" - 128Gb Rom - 6Gb Ram - Ios 16 - Nano Sim - Deep Purple",1400000,https://www.jumia.com.ng//apple-iphone-14-pro-max-6.7-128gb-rom-6gb-ram-ios-16-nano-sim-deep-purple-401688721.html,https://ng.jumia.is/unsafe/fit-in/300x300/filters:fill(white)/product/12/7886104/1.jpg?6292,2025-03-13,iphone 14 pro max,128GB
"Apple Iphone 14 - 6.1"" - 256Gb + 6Gb Ram - 1 Sim +1 Esim - 5G - Red",1150000,https://www.jumia.com.ng//apple-iphone-14-6.1-256gb-6gb-ram-1-sim-1-esim-5g-red-401763667.html,https://ng.jumia.is/unsafe/fit-in/300x300/filters:fill(white)/product/76/6367104/1.jpg?7227,2025-03-13,iphone 14,256GB
Apple Iphone 12 Pro Max - 128Gb Rom - 6Gb Ram - 6.7-Inch - 5G,880000,https://www.jumia.com.ng//iphone-12-pro-max-128gb-rom-6gb-ram-6.7-inch-5g-apple-mpg7211859.html,https://ng.jumia.is/unsafe/fit-in/300x300/filters:fill(white)/product/71/7565172/1.jpg?3258,2025-03-13,iphone 12 pro,128GB
"Apple Iphone 12 Pro Max - 6.7"" 128Gb Rom, 6Gb Ram, 3687Mah - Gold",880000,https://www.jumia.com.ng//iphone-12-pro-max-6.7-128gb-rom-6gb-ram-3687mah-gold-apple-mpg7128664.html,https://ng.jumia.is/unsafe/fit-in/300x300/filters:fill(white)/product/03/1970172/1.jpg?0727,2025-03-13,iphone 12 pro,128GB
"Apple Iphone 14 - 6.1"" - 256Gb + 6Gb Ram - 1 Sim +1 Esim - 5G - Purple",1150000,https://www.jumia.com.ng//apple-iphone-14-6.1-256gb-6gb-ram-1-sim-1-esim-5g-purple-401850638.html,https://ng.jumia.is/unsafe/fit-in/300x300/filters:fill(white)/product/83/6058104/1.jpg?1969,2025-03-13,iphone 14,256GB
"Apple Iphone 12 - 6.1"" 64Gb Rom, 4Gb Ram, 2815Mah - Green",760000,https://www.jumia.com.ng//iphone-12-6.1-64gb-rom-4gb-ram-2815mah-green-apple-mpg7095183.html,https://ng.jumia.is/unsafe/fit-in/300x300/filters:fill(white)/product/68/8289072/1.jpg?8249,2025-03-13,iphone 12,64GB
"Apple Iphone 14 Pro Max 6.7"" - 128Gb Rom, 6Gb Ram - Ios 16 - Nano Sim - Deep Purple",1400000,https://www.jumia.com.ng//apple-iphone-14-pro-max-6.7-128gb-rom-6gb-ram-ios-16-nano-sim-deep-purple-401546771.html,https://ng.jumia.is/unsafe/fit-in/300x300/filters:fill(white)/product/17/7645104/1.jpg?9725,2025-03-13,iphone 14 pro max,128GB
"Apple Iphone 13 Pro Max - 6.7"" - 256Gb Rom - 6Gb Ram - Ios 15 - 4352Mah - Gold",1228000,https://www.jumia.com.ng//apple-iphone-13-pro-max-6.7-256gb-rom-6gb-ram-ios-15-4352mah-gold-401562277.html,https://ng.jumia.is/unsafe/fit-in/300x300/filters:fill(white)/product/77/2265104/1.jpg?2785,2025-03-13,iphone 13 pro max,256GB
"Apple Iphone 13 Pro 5G - 6.1"" 256Gb Rom, 6Gb Rom - Green",980000,https://www.jumia.com.ng//apple-iphone-13-pro-5g-6.1-256gb-rom-6gb-rom-green-400492268.html,https://ng.jumia.is/unsafe/fit-in/300x300/filters:fill(white)/product/86/2294004/1.jpg?6086,2025-03-13,iphone 13 pro,256GB
"Apple Iphone 13 Pro Max - 6.7"" - 256Gb Rom - 6Gb Ram - Ios 15 - 4352Mah - Graphite",1228000,https://www.jumia.com.ng//apple-iphone-13-pro-max-6.7-256gb-rom-6gb-ram-ios-15-4352mah-graphite-401562274.html,https://ng.jumia.is/unsafe/fit-in/300x300/filters:fill(white)/product/47/2265104/1.jpg?2725,2025-03-13,iphone 13 pro max,256GB
"Apple Iphone 13 Pro Max - 6.7"" 128Gb Rom, 6Gb Rom 5G - Graphite",1250000,https://www.jumia.com.ng//apple-iphone-13-pro-max-6.7-128gb-rom-6gb-rom-5g-graphite-270118348.html,https://ng.jumia.is/unsafe/fit-in/300x300/filters:fill(white)/product/84/3811072/1.jpg?4630,2025-03-13,iphone 13 pro max,128GB
"Apple Iphone 13 - 6.1"" - 128Gb Rom, 4Gb Ram, 3240Mah",790000,https://www.jumia.com.ng//apple-iphone-13-6.1-128gb-rom-4gb-ram-3240mah-271250432.html,https://ng.jumia.is/unsafe/fit-in/300x300/filters:fill(white)/product/23/4052172/1.jpg?7863,2025-03-13,iphone 13,128GB
"Apple Iphone 11 - 6.1"" - 4Gb Ram, 128Gb Rom, 3110Mah - Green",790000,https://www.jumia.com.ng//iphone-11-6.1-4gb-ram-128gb-rom-3110mah-green-apple-mpg7651346.html,https://ng.jumia.is/unsafe/fit-in/300x300/filters:fill(white)/product/43/7821472/1.jpg?3027,2025-03-13,iphone 11,128GB
"Apple Iphone 14 Pro Max 6.7"" - 128Gb Rom,6Gb Ram - Ios 16 - Nano Sim - Gold",1400000,https://www.jumia.com.ng//apple-iphone-14-pro-max-6.7-128gb-rom6gb-ram-ios-16-nano-sim-gold-401445131.html,https://ng.jumia.is/unsafe/fit-in/300x300/filters:fill(white)/product/13/1544104/1.jpg?5804,2025-03-13,iphone 14 pro max,128GB
"Apple Iphone 14 - 6.1"" - 128Gb + 6Gb Ram - 1 Sim +1 Esim - 5G - Midnight",1050000,https://www.jumia.com.ng//apple-iphone-14-6.1-128gb-6gb-ram-1-sim-1-esim-5g-midnight-401763614.html,https://ng.jumia.is/unsafe/fit-in/300x300/filters:fill(white)/product/41/6367104/1.jpg?5065,2025-03-13,iphone 14,128GB
"Apple Iphone 13 Pro Max - 6.7"" - 128Gb Rom - 6Gb Ram - Ios 15 - 4352Mah - Blue",1177000,https://www.jumia.com.ng//apple-iphone-13-pro-max-6.7-128gb-rom-6gb-ram-ios-15-4352mah-blue-401562270.html,https://ng.jumia.is/unsafe/fit-in/300x300/filters:fill(white)/product/07/2265104/1.jpg?2489,2025-03-13,iphone 13 pro max,128GB
"Apple Iphone 14 Pro Max 6.7"" - 256Gb Rom - 6Gb Ram - Ios 16 - Nano Sim - Deep Purple",1500000,https://www.jumia.com.ng//apple-iphone-14-pro-max-6.7-256gb-rom-6gb-ram-ios-16-nano-sim-deep-purple-401687168.html,https://ng.jumia.is/unsafe/fit-in/300x300/filters:fill(white)/product/86/1786104/1.jpg?1506,2025-03-13,iphone 14 pro max,256GB
"Apple Iphone 11 - 6.1"" 64Gb Rom, 4Gb Ram, 3110Mah - Purple",790000,https://www.jumia.com.ng//iphone-11-6.1-64gb-rom-4gb-ram-3110mah-purple-apple-mpg7127433.html,https://ng.jumia.is/unsafe/fit-in/300x300/filters:fill(white)/product/99/4652852/1.jpg?0182,2025-03-13,iphone 11,64GB
"Apple Iphone 13 Pro 5G - 6.1"" 256Gb Rom, 6Gb Rom - Green",980000,https://www.jumia.com.ng//apple-iphone-13-pro-5g-6.1-256gb-rom-6gb-rom-green-401561611.html,https://ng.jumia.is/unsafe/fit-in/300x300/filters:fill(white)/product/11/6165104/1.jpg?0005,2025-03-13,iphone 13 pro,256GB
"Apple Iphone 13 Pro 5G - 6.1"" 256Gb Rom, 6Gb Ram - Sierra Blue",1000000,https://www.jumia.com.ng//apple-iphone-13-pro-5g-6.1-256gb-rom-6gb-ram-sierra-blue-401652701.html,https://ng.jumia.is/unsafe/fit-in/300x300/filters:fill(white)/product/10/7256104/1.jpg?3945,2025-03-13,iphone 13 pro,256GB
"Apple Iphone 13 - 6.1"" - 256Gb Rom - 4Gb Ram - Ios 15 - 3240Mah - Midnight",895000,https://www.jumia.com.ng//apple-iphone-13-6.1-256gb-rom-4gb-ram-ios-15-3240mah-midnight-401562186.html,https://ng.jumia.is/unsafe/fit-in/300x300/filters:fill(white)/product/68/1265104/1.jpg?0925,2025-03-13,iphone 13,256GB
"Apple Iphone 13 Pro 5G - 6.1"" 256Gb Rom, 6Gb Rom - Gold",980000,https://www.jumia.com.ng//apple-iphone-13-pro-5g-6.1-256gb-rom-6gb-rom-gold-401561628.html,https://ng.jumia.is/unsafe/fit-in/300x300/filters:fill(white)/product/82/6165104/1.jpg?0425,2025-03-13,iphone 13 pro,256GB
"Apple Iphone 13 - 6.1"" - 128Gb Rom - 4Gb Ram - Ios 15 - 3240Mah - Green",788000,https://www.jumia.com.ng//apple-iphone-13-6.1-128gb-rom-4gb-ram-ios-15-3240mah-green-401562179.html,https://ng.jumia.is/unsafe/fit-in/300x300/filters:fill(white)/product/97/1265104/1.jpg?0685,2025-03-13,iphone 13,128GB
"Apple Iphone 14 Pro Max 6.7"" - 256Gb Rom + 6Gb Ram - Ios 16 - Nano Sim- Gold",1500000,https://www.jumia.com.ng//apple-iphone-14-pro-max-6.7-256gb-rom-6gb-ram-ios-16-nano-sim-gold-401685757.html,https://ng.jumia.is/unsafe/fit-in/300x300/filters:fill(white)/product/75/7586104/1.jpg?8064,2025-03-13,iphone 14 pro max,256GB
"Apple Iphone 12 - 6.1"" - 4Gb Ram, 64Gb Rom, 5G, 2815Mah - Blue",760000,https://www.jumia.com.ng//iphone-12-6.1-4gb-ram-64gb-rom-5g-2815mah-blue-apple-mpg7065882.html,https://ng.jumia.is/unsafe/fit-in/300x300/filters:fill(white)/product/42/6522472/1.jpg?4276,2025-03-13,iphone 12,64GB
"Apple Iphone 13 Pro Max - 6.7"" - 6Gb Ram, 128Gb Rom, 5G - Gold",1100000,https://www.jumia.com.ng//iphone-13-pro-max-6.7-6gb-ram-128gb-rom-5g-gold-apple-mpg7106160.html,https://ng.jumia.is/unsafe/fit-in/300x300/filters:fill(white)/product/61/7052472/1.jpg?8791,2025-03-13,iphone 13 pro max,128GB
"Apple Iphone 12 - 6.1"" 128Gb Rom, 4Gb Ram, 2815Mah - Blue",760000,https://www.jumia.com.ng//iphone-12-6.1-128gb-rom-4gb-ram-2815mah-blue-apple-mpg7504193.html,https://ng.jumia.is/unsafe/fit-in/300x300/filters:fill(white)/product/33/5520172/1.jpg?8367,2025-03-13,iphone 12,128GB
"Apple Iphone 13 - 6.1"" - 128Gb Rom - 4Gb Ram - Ios 15 - 3240Mah - Blue",788000,https://www.jumia.com.ng//iphone-13-6.1-128gb-rom-4gb-ram-ios-15-3240mah-blue-apple-mpg9782578.html,https://ng.jumia.is/unsafe/fit-in/300x300/filters:fill(white)/product/17/2069104/1.jpg?5762,2025-03-13,iphone 13,128GB
"Apple Iphone 13 Pro Max - 6.7"" - 6Gb Ram, 256Gb Rom, 5G - Graphite",1200000,https://www.jumia.com.ng//iphone-13-pro-max-6.7-6gb-ram-256gb-rom-5g-graphite-apple-mpg7133030.html,https://ng.jumia.is/unsafe/fit-in/300x300/filters:fill(white)/product/36/6252472/1.jpg?9288,2025-03-13,iphone 13 pro max,256GB
"Apple Iphone 13 - 6.1"" - 128Gb Rom - 4Gb Ram - Ios 15 - 3240Mah - Midnight",788000,https://www.jumia.com.ng//apple-iphone-13-6.1-128gb-rom-4gb-ram-ios-15-3240mah-midnight-401562173.html,https://ng.jumia.is/unsafe/fit-in/300x300/filters:fill(white)/product/37/1265104/1.jpg?0565,2025-03-13,iphone 13,128GB
"Apple Iphone 14 - 6.1"" - 128Gb + 6Gb Ram - 1 Sim +1 Esim - 5G - Purple",1050000,https://www.jumia.com.ng//apple-iphone-14-6.1-128gb-6gb-ram-1-sim-1-esim-5g-purple-401763649.html,https://ng.jumia.is/unsafe/fit-in/300x300/filters:fill(white)/product/94/6367104/1.jpg?6628,2025-03-13,iphone 14,128GB
"Apple Iphone 13 Pro Max - 6.7"" - 128Gb Rom - 6Gb Ram - Ios 15 - 4352Mah - Gold",1177000,https://www.jumia.com.ng//apple-iphone-13-pro-max-6.7-128gb-rom-6gb-ram-ios-15-4352mah-gold-401562264.html,https://ng.jumia.is/unsafe/fit-in/300x300/filters:fill(white)/product/46/2265104/1.jpg?2382,2025-03-13,iphone 13 pro max,128GB
"Apple Iphone 13 - 6.1"" - 128Gb Rom - 4Gb Ram - Ios 15 - 3240Mah - Midnight",788000,https://www.jumia.com.ng//apple-iphone-13-6.1-128gb-rom-4gb-ram-ios-15-3240mah-midnight-401675977.html,https://ng.jumia.is/unsafe/fit-in/300x300/filters:fill(white)/product/77/9576104/1.jpg?2748,2025-03-13,iphone 13,128GB
"Apple Iphone 14 - 6.1"" - 256Gb + 6Gb Ram - 1 Sim +1 Esim - 5G - Yellow",1150000,https://www.jumia.com.ng//apple-iphone-14-6.1-256gb-6gb-ram-1-sim-1-esim-5g-yellow-401763664.html,https://ng.jumia.is/unsafe/fit-in/300x300/filters:fill(white)/product/46/6367104/1.jpg?7106,2025-03-13,iphone 14,256GB
"Apple Iphone 13 - 6.1"" - 128Gb Rom - 4Gb Ram - Ios 15 - 3240Mah - Midnight",788000,https://www.jumia.com.ng//apple-iphone-13-6.1-128gb-rom-4gb-ram-ios-15-3240mah-midnight-401862833.html,https://ng.jumia.is/unsafe/fit-in/300x300/filters:fill(white)/product/33/8268104/1.jpg?5146,2025-03-13,iphone 13,128GB
"Apple Iphone 13 Pro 5G - 6.1"" 128Gb Rom, 6Gb Rom - Graphite",980000,https://www.jumia.com.ng//apple-iphone-13-pro-5g-6.1-128gb-rom-6gb-rom-graphite-272340566.html,https://ng.jumia.is/unsafe/fit-in/300x300/filters:fill(white)/product/66/5043272/1.jpg?0532,2025-03-13,iphone 13 pro,128GB
"Apple Iphone 12 - 6.1"" - 4Gb Ram, 128Gb Rom, 5G, 2815Mah - Green",760000,https://www.jumia.com.ng//iphone-12-6.1-4gb-ram-128gb-rom-5g-2815mah-green-apple-mpg7111846.html,https://ng.jumia.is/unsafe/fit-in/300x300/filters:fill(white)/product/92/5132472/1.jpg?5959,2025-03-13,iphone 12,128GB
"Apple Iphone 13 Pro Max - 6.7"" - 128Gb Rom - 6Gb Ram - Ios 15 - 4352Mah - Blue",1177000,https://www.jumia.com.ng//apple-iphone-13-pro-max-6.7-128gb-rom-6gb-ram-ios-15-4352mah-blue-401677576.html,https://ng.jumia.is/unsafe/fit-in/300x300/filters:fill(white)/product/67/5776104/1.jpg?4305,2025-03-13,iphone 13 pro max,128GB
"Apple Iphone 13 Pro 5G - 6.1"" 256Gb Rom, 6Gb Ram - Sierra Blue",980000,https://www.jumia.com.ng//apple-iphone-13-pro-5g-6.1-256gb-rom-6gb-ram-sierra-blue-401652664.html,https://ng.jumia.is/unsafe/fit-in/300x300/filters:fill(white)/product/46/6256104/1.jpg?3826,2025-03-13,iphone 13 pro,256GB
"Apple Iphone 13 Pro Max - 6.7"" - 128Gb Rom - 6Gb Ram - Ios 15 - 4352Mah - Graphite",1177000,https://www.jumia.com.ng//apple-iphone-13-pro-max-6.7-128gb-rom-6gb-ram-ios-15-4352mah-graphite-401686690.html,https://ng.jumia.is/unsafe/fit-in/300x300/filters:fill(white)/product/09/6686104/1.jpg?9182,2025-03-13,iphone 13 pro max,128GB
"Apple Iphone 11 - 6.1"" - 4Gb Ram, 64Gb Rom, 3110Mah - Green",790000,https://www.jumia.com.ng//iphone-11-6.1-4gb-ram-64gb-rom-3110mah-green-apple-mpg7279862.html,https://ng.jumia.is/unsafe/fit-in/300x300/filters:fill(white)/product/57/4821472/1.jpg?2497,2025-03-13,iphone 11,64GB
"Apple Iphone 13 - 6.1"" - 4Gb Ram, 128Gb Rom, 3240Mah - Pink",790000,https://www.jumia.com.ng//iphone-13-6.1-4gb-ram-128gb-rom-3240mah-pink-apple-mpg7064506.html,https://ng.jumia.is/unsafe/fit-in/300x300/filters:fill(white)/product/79/3133472/1.jpg?2281,2025-03-13,iphone 13,128GB
"Apple Iphone 11 - 6.1"" 64Gb Rom, 4Gb Ram, 3110Mah - Black",790000,https://www.jumia.com.ng//iphone-11-6.1-64gb-rom-4gb-ram-3110mah-black-apple-mpg7597714.html,https://ng.jumia.is/unsafe/fit-in/300x300/filters:fill(white)/product/10/5652852/1.jpg?0182,2025-03-13,iphone 11,64GB
"Apple Iphone 11 - 6.1"" - 4Gb Ram, 128Gb Rom, 3110Mah - White",790000,https://www.jumia.com.ng//iphone-11-6.1-4gb-ram-128gb-rom-3110mah-white-apple-mpg7091877.html,https://ng.jumia.is/unsafe/fit-in/300x300/filters:fill(white)/product/04/7821472/1.jpg?3027,2025-03-13,iphone 11,128GB
"Apple Iphone 11 - 6.1"" - 4Gb Ram, 64Gb Rom, 3110Mah - White",790000,https://www.jumia.com.ng//iphone-11-6.1-4gb-ram-64gb-rom-3110mah-white-apple-mpg8526823.html,https://ng.jumia.is/unsafe/fit-in/300x300/filters:fill(white)/product/64/2821472/1.jpg?1890,2025-03-13,iphone 11,64GB
"Apple Iphone 13 - 6.1"" - 128Gb Rom, 4Gb Ram, 3240Mah - Black",790000,https://www.jumia.com.ng//iphone-13-6.1-128gb-rom-4gb-ram-3240mah-black-apple-mpg7255531.html,https://ng.jumia.is/unsafe/fit-in/300x300/filters:fill(white)/product/35/0880172/1.jpg?9410,2025-03-13,iphone 13,128GB
"Apple Iphone 13 - 6.1"" - 256Gb Rom - 4Gb Ram - Ios 15 - 3240Mah - Green",895000,https://www.jumia.com.ng//apple-iphone-13-6.1-256gb-rom-4gb-ram-ios-15-3240mah-green-401562189.html,https://ng.jumia.is/unsafe/fit-in/300x300/filters:fill(white)/product/98/1265104/1.jpg?0985,2025-03-13,iphone 13,256GB
"Apple Iphone 12 Pro Max - 6.7"" - 6Gb Ram, 256Gb Rom, 5G - Blue",920000,https://www.jumia.com.ng//iphone-12-pro-max-6.7-6gb-ram-256gb-rom-5g-blue-apple-mpg7099760.html,https://ng.jumia.is/unsafe/fit-in/300x300/filters:fill(white)/product/23/9713472/1.jpg?0730,2025-03-13,iphone 12 pro,256GB
"Apple Iphone 11 - 6.1"" - 4Gb Ram, 64Gb Rom, 3110Mah - Black",790000,https://www.jumia.com.ng//iphone-11-6.1-4gb-ram-64gb-rom-3110mah-black-apple-mpg7085192.html,https://ng.jumia.is/unsafe/fit-in/300x300/filters:fill(white)/product/77/4821472/1.jpg?2488,2025-03-13,iphone 11,64GB
"Apple Iphone 13 Pro Max - 6.7"" - 6Gb Ram, 128Gb Rom, 5G - Blue",1100000,https://www.jumia.com.ng//iphone-13-pro-max-6.7-6gb-ram-128gb-rom-5g-blue-apple-mpg7128471.html,https://ng.jumia.is/unsafe/fit-in/300x300/filters:fill(white)/product/32/7052472/1.jpg?8791,2025-03-13,iphone 13 pro max,128GB
"Apple Iphone 14 Pro Max 6.7"" - 128Gb Rom - 6Gb Ram - Ios 16 - Nano Sim - Deep Purple",1400000,https://www.jumia.com.ng//apple-iphone-14-pro-max-6.7-128gb-rom-6gb-ram-ios-16-nano-sim-deep-purple-401688723.html,https://ng.jumia.is/unsafe/fit-in/300x300/filters:fill(white)/product/32/7886104/1.jpg?6295,2025-03-13,iphone 14 pro max,128GB
"Apple Iphone 12 - 6.1"" 64Gb Rom, 4Gb Ram, 2815Mah - White",760000,https://www.jumia.com.ng//iphone-12-6.1-64gb-rom-4gb-ram-2815mah-white-apple-mpg7053285.html,https://ng.jumia.is/unsafe/fit-in/300x300/filters:fill(white)/product/51/5520172/1.jpg?8367,2025-03-13,iphone 12,64GB
"Apple Iphone 13 - 6.1Inch - 4Gb Ram, 128Gb Rom - Ios 15 - 3420Mah",785000,https://www.jumia.com.ng//iphone-13-6.1inch-128gb-rom-4gb-ram-ios-15-3240mah-apple-mpg3970217.html,https://ng.jumia.is/unsafe/fit-in/300x300/filters:fill(white)/product/17/1883622/1.jpg?0113,2025-03-13,iphone 13,128GB
"Apple Iphone 13 - 6.1"" - 4Gb Ram, 128Gb Rom, 3240Mah - Starlight",790000,https://www.jumia.com.ng//iphone-13-6.1-4gb-ram-128gb-rom-3240mah-starlight-apple-mpg7282701.html,https://ng.jumia.is/unsafe/fit-in/300x300/filters:fill(white)/product/75/8333472/1.jpg?2280,2025-03-13,iphone 13,128GB
"Apple Iphone 12 - 6.1"" - 4Gb Ram, 64Gb Rom, 5G, 2815Mah - White",760000,https://www.jumia.com.ng//iphone-12-6.1-4gb-ram-64gb-rom-5g-2815mah-white-apple-mpg7039909.html,https://ng.jumia.is/unsafe/fit-in/300x300/filters:fill(white)/product/18/5922472/1.jpg?5438,2025-03-13,iphone 12,64GB
"Apple Iphone 13 - 6.1"" - 128Gb Rom - 4Gb Ram - Ios 15 - 3240Mah - Blue",788000,https://www.jumia.com.ng//apple-iphone-13-6.1-128gb-rom-4gb-ram-ios-15-3240mah-blue-401562181.html,https://ng.jumia.is/unsafe/fit-in/300x300/filters:fill(white)/product/18/1265104/1.jpg?0745,2025-03-13,iphone 13,128GB
Apple Iphone 12 Pro Max - 128Gb Rom - 6Gb Ram - 6.7-Inch - 5G,880000,https://www.jumia.com.ng//iphone-12-pro-max-128gb-rom-6gb-ram-6.7-inch-5g-apple-mpg7253462.html,https://ng.jumia.is/unsafe/fit-in/300x300/filters:fill(white)/product/96/4565172/1.jpg?2806,2025-03-13,iphone 12 pro,128GB
"Apple Iphone 13 - 6.1"" - 256Gb Rom - 4Gb Ram - Ios 15 - 3240Mah - Midnight",895000,https://www.jumia.com.ng//apple-iphone-13-6.1-256gb-rom-4gb-ram-ios-15-3240mah-midnight-401676448.html,https://ng.jumia.is/unsafe/fit-in/300x300/filters:fill(white)/product/84/4676104/1.jpg?3409,2025-03-13,iphone 13,256GB
"Apple Iphone 12 - 6.1"" - 4Gb Ram, 128Gb Rom, 5G, 2815Mah - Blue",760000,https://www.jumia.com.ng//iphone-12-6.1-4gb-ram-128gb-rom-5g-2815mah-blue-apple-mpg7407136.html,https://ng.jumia.is/unsafe/fit-in/300x300/filters:fill(white)/product/52/5132472/1.jpg?5959,2025-03-13,iphone 12,128GB
"Apple Iphone 14 - 6.1"" - 128Gb + 6Gb Ram - 1 Sim +1 Esim - 5G - Starlight",1050000,https://www.jumia.com.ng//apple-iphone-14-6.1-128gb-6gb-ram-1-sim-1-esim-5g-starlight-401763656.html,https://ng.jumia.is/unsafe/fit-in/300x300/filters:fill(white)/product/65/6367104/1.jpg?6865,2025-03-13,iphone 14,128GB
"Apple Iphone 12 - 6.1"" - 4Gb Ram, 128Gb Rom, 5G, 2815Mah - White",760000,https://www.jumia.com.ng//iphone-12-6.1-4gb-ram-128gb-rom-5g-2815mah-white-apple-mpg7123776.html,https://ng.jumia.is/unsafe/fit-in/300x300/filters:fill(white)/product/71/5132472/1.jpg?5959,2025-03-13,iphone 12,128GB
"Apple Iphone 13 - 6.1"" - 256Gb Rom - 4Gb Ram - Ios 15 - 3240Mah - Green",895000,https://www.jumia.com.ng//apple-iphone-13-6.1-256gb-rom-4gb-ram-ios-15-3240mah-green-401677124.html,https://ng.jumia.is/unsafe/fit-in/300x300/filters:fill(white)/product/42/1776104/1.jpg?3565,2025-03-13,iphone 13,256GB
"Apple Iphone 13 - 6.1"" - 128Gb Rom - 4Gb Ram - Ios 15 - 3240Mah - Green",788000,https://www.jumia.com.ng//apple-iphone-13-6.1-128gb-rom-4gb-ram-ios-15-3240mah-green-401676338.html,https://ng.jumia.is/unsafe/fit-in/300x300/filters:fill(white)/product/83/3676104/1.jpg?3049,2025-03-13,iphone 13,128GB
"Apple Iphone 12 - 6.1"" - 4Gb Ram, 64Gb Rom, 5G, 2815Mah - Green",760000,https://www.jumia.com.ng//iphone-12-6.1-4gb-ram-64gb-rom-5g-2815mah-green-apple-mpg7637343.html,https://ng.jumia.is/unsafe/fit-in/300x300/filters:fill(white)/product/02/5722472/1.jpg?4953,2025-03-13,iphone 12,64GB
"Apple Iphone 13 - 6.1"" - 4Gb Ram, 128Gb Rom, 3240Mah - Midnight",790000,https://www.jumia.com.ng//iphone-13-6.1-4gb-ram-128gb-rom-3240mah-midnight-apple-mpg7037793.html,https://ng.jumia.is/unsafe/fit-in/300x300/filters:fill(white)/product/98/3133472/1.jpg?2280,2025-03-13,iphone 13,128GB
"Apple Iphone 14 - 6.1"" - 128Gb + 6Gb Ram - 1 Sim +1 Esim - 5G - Red",1050000,https://www.jumia.com.ng//apple-iphone-14-6.1-128gb-6gb-ram-1-sim-1-esim-5g-red-401763651.html,https://ng.jumia.is/unsafe/fit-in/300x300/filters:fill(white)/product/15/6367104/1.jpg?6690,2025-03-13,iphone 14,128GB
"Apple Iphone Xs Max (4Gb Ram, 256Gb Rom) Ios 12 (12Mp + 12Mp)+7Mp Nano Sim And E-Sim Gold",490000,https://www.jumia.com.ng//iphone-xs-max-4gb-ram-256gb-rom-ios-12-12mp-12mp7mp-nano-sim-and-e-sim-gold-apple-mpg273656.html,https://ng.jumia.is/unsafe/fit-in/300x300/filters:fill(white)/product/27/331452/1.jpg?2624,2025-03-13,iphone xs max,256GB
"Apple Iphone 11 6.1-Inch Liquid Retina (4Gb Ram, 64Gb Red",540004,https://www.jumia.com.ng//apple-iphone-11-6.1-inch-liquid-retina-4gb-ram-64gb-red-104449042.html,https://ng.jumia.is/unsafe/fit-in/300x300/filters:fill(white)/product/24/0944401/1.jpg?7087,2025-03-13,iphone 11,64GB
"Apple Iphone 12 Pro Max (6.7 Inch) (6Gb Ram, 256Gb Rom) 5G - Gold",920000,https://www.jumia.com.ng//iphone-12-pro-max-6.7-inch-6gb-ram-256gb-rom-5g-gold-apple-mpg7436349.html,https://ng.jumia.is/unsafe/fit-in/300x300/filters:fill(white)/product/87/4565172/1.jpg?2806,2025-03-13,iphone 12 pro,256GB
"Apple Iphone Xs Max (4Gb Ram, 64Gb Rom) Ios 12 (12Mp + 12Mp)+7Mp (Single Sim) Gold & 10D Screen Protector + Silicon Back Case",425000,https://www.jumia.com.ng//iphone-xs-max-4gb-ram-64gb-rom-ios-12-12mp-12mp7mp-single-sim-gold-10d-screen-protector-silicon-back-case-apple-mpg1719407.html,https://ng.jumia.is/unsafe/fit-in/300x300/filters:fill(white)/product/33/362373/1.jpg?2152,2025-03-13,iphone xs max,64GB
"Apple Iphone 11 Black, 95% New Mobile Iphone , 180 Days Store Warranty,All Network 128G, 6.1 Inch 12Mp Camera",396250,https://www.jumia.com.ng//apple-iphone-11-black-95-new-mobile-phone-180-days-store-warrantyall-network-128g-6.1-inch-12mp-camera-401764610.html,https://ng.jumia.is/unsafe/fit-in/300x300/filters:fill(white)/product/01/6467104/1.jpg?3026,2025-03-13,iphone 11,128GB
"Apple Iphone 11 White, 95% New Mobile Iphone , 180 Days Store Warranty,All Network 128G, 6.1 Inch 12Mp Camera",396250,https://www.jumia.com.ng//apple-iphone-11-white-95-new-mobile-phone-180-days-store-warrantyall-network-128g-6.1-inch-12mp-camera-401764488.html,https://ng.jumia.is/unsafe/fit-in/300x300/filters:fill(white)/product/88/4467104/1.jpg?0866,2025-03-13,iphone 11,128GB
Apple Iphone Xs 256Gb Gray 95%New More Than 90% Battery No Id Lock All Network Compatible Warranty 6 Months Free Accessories,467575,https://www.jumia.com.ng//apple-iphone-xs-256gb-gray-95new-more-than-90-battery-no-id-lock-all-network-compatible-warranty-6-months-free-accessories-401736900.html,https://ng.jumia.is/unsafe/fit-in/300x300/filters:fill(white)/product/00/9637104/1.jpg?1048,2025-03-13,iphone xs,256GB
Apple Iphone Xs 256Gb White 95%New More Than 90% Battery No Id Lock All Network Compatible Warranty 6 Months Free Accessories,467575,https://www.jumia.com.ng//apple-iphone-xs-256gb-white-95new-more-than-90-battery-no-id-lock-all-network-compatible-warranty-6-months-free-accessories-401736902.html,https://ng.jumia.is/unsafe/fit-in/300x300/filters:fill(white)/product/20/9637104/1.jpg?1525,2025-03-13,iphone xs,256GB
"Apple Iphone 12 White, 95% New Mobile Iphone , 180 Days Store Warranty,All Network ,128Gb, 6.1 Inch ,5G Smartphone",494520,https://www.jumia.com.ng//apple-iphone-12-white-95-new-mobile-phone-180-days-store-warrantyall-network-128gb-6.1-inch-5g-smartphone-401912249.html,https://ng.jumia.is/unsafe/fit-in/300x300/filters:fill(white)/product/94/2219104/1.jpg?9308,2025-03-13,iphone 12,128GB
Apple Iphone 11 128Gb Hdd 4 Gb Ram Whitedual Sim,547668,https://www.jumia.com.ng//apple-iphone-11-128gb-hdd-4-gb-ram-whitedual-sim-394439591.html,https://ng.jumia.is/unsafe/fit-in/300x300/filters:fill(white)/product/19/5934493/1.jpg?9665,2025-03-13,iphone 11,128GB
Apple Iphone 12 Mini 64Gb Hdd 4 Gb Ram Black,475802,https://www.jumia.com.ng//iphone-12-mini-64gb-hdd-4-gb-ram-black-apple-mpg8771430.html,https://ng.jumia.is/unsafe/fit-in/300x300/filters:fill(white)/product/76/2144493/1.jpg?0172,2025-03-13,iphone 12,64GB
Apple Iphone 12 128Gb Dual Physcial Nano Sim Card Battery Health> 85% Super Retina Xdr Oled A2404 Smart Phones,798460,https://www.jumia.com.ng//apple-iphone-12-128gb-dual-physcial-nano-sim-card-battery-health-85-super-retina-xdr-oled-a2404-smart-phones-400851624.html,https://ng.jumia.is/unsafe/fit-in/300x300/filters:fill(white)/product/42/6158004/1.jpg?5515,2025-03-13,iphone 12,128GB
"Apple Iphone 12 Black, 95% New Mobile Iphone , 180 Days Store Warranty,All Network ,128Gb, 6.1 Inch ,5G Smartphone",494520,https://www.jumia.com.ng//apple-iphone-12-black-95-new-mobile-phone-180-days-store-warrantyall-network-128gb-6.1-inch-5g-smartphone-401912785.html,https://ng.jumia.is/unsafe/fit-in/300x300/filters:fill(white)/product/58/7219104/1.jpg?1346,2025-03-13,iphone 12,128GB
Apple Iphone 13 Mini 128Gb Hdd 4 Gb Ram Green,973657,https://www.jumia.com.ng//iphone-13-mini-128gb-hdd-4-gb-ram-green-apple-mpg8762589.html,https://ng.jumia.is/unsafe/fit-in/300x300/filters:fill(white)/product/42/2154493/1.jpg?4217,2025-03-13,iphone 13,128GB
"Apple Iphone 12 Green, 95% New Mobile Iphone , 180 Days Store Warranty,All Network ,128Gb, 6.1 Inch ,5G Smartphone",494520,https://www.jumia.com.ng//apple-iphone-12-green-95-new-mobile-phone-180-days-store-warrantyall-network-128gb-6.1-inch-5g-smartphone-401912856.html,https://ng.jumia.is/unsafe/fit-in/300x300/filters:fill(white)/product/65/8219104/1.jpg?1707,2025-03-13,iphone 12,128GB
"Apple Iphone 12 Red, 95% New Mobile Iphone , 180 Days Store Warranty,All Network ,128Gb, 6.1 Inch ,5G Smartphone",494520,https://www.jumia.com.ng//apple-iphone-12-red-95-new-mobile-phone-180-days-store-warrantyall-network-128gb-6.1-inch-5g-smartphone-401912811.html,https://ng.jumia.is/unsafe/fit-in/300x300/filters:fill(white)/product/11/8219104/1.jpg?1467,2025-03-13,iphone 12,128GB
Apple Iphone 12 64Gb Hdd 4Gb Ramwhitedual Sim,559055,https://www.jumia.com.ng//iphone-12-64gb-hdd-4gb-ramwhitedual-sim-apple-mpg9903865.html,https://ng.jumia.is/unsafe/fit-in/300x300/filters:fill(white)/product/32/3662404/1.jpg?5895,2025-03-13,iphone 12,64GB
Apple Iphone 12 Mini 128Gb Hdd 4 Gb Ram White,652620,https://www.jumia.com.ng//iphone-12-mini-128gb-hdd-4-gb-ram-white-apple-mpg8739518.html,https://ng.jumia.is/unsafe/fit-in/300x300/filters:fill(white)/product/82/9934493/1.jpg?9785,2025-03-13,iphone 12,128GB
Apple Iphone 12 256Gb Hdd 4Gb Ram Blue,863903,https://www.jumia.com.ng//iphone-12-256gb-hdd-4gb-ram-blue-apple-mpg8728422.html,https://ng.jumia.is/unsafe/fit-in/300x300/filters:fill(white)/product/33/8154493/1.jpg?4533,2025-03-13,iphone 12,256GB
"Apple Iphone 12 Blue, 95% New Mobile Iphone , 180 Days Store Warranty,All Network ,128Gb, 6.1 Inch ,5G Smartphone",494520,https://www.jumia.com.ng//apple-iphone-12-blue-95-new-mobile-phone-180-days-store-warrantyall-network-128gb-6.1-inch-5g-smartphone-401912834.html,https://ng.jumia.is/unsafe/fit-in/300x300/filters:fill(white)/product/43/8219104/1.jpg?1587,2025-03-13,iphone 12,128GB
Apple Iphone 12 64Gb Hdd 4Gb Ramwhitedual Sim,559055,https://www.jumia.com.ng//apple-iphone-12-64gb-hdd-4gb-ramwhitedual-sim-404281984.html,https://ng.jumia.is/unsafe/fit-in/300x300/filters:fill(white)/product/48/9182404/1.jpg?9689,2025-03-13,iphone 12,64GB
Apple Iphone 12 64Gb Hdd 4Gb Ramwhitedual Sim,590794,https://www.jumia.com.ng//iphone-12-64gb-hdd-4gb-ramwhitedual-sim-apple-mpg8713006.html,https://ng.jumia.is/unsafe/fit-in/300x300/filters:fill(white)/product/97/9694493/1.jpg?3108,2025-03-13,iphone 12,64GB
Apple Iphone 12 64Gb Hdd 4Gb Ramwhitedual Sim,590794,https://www.jumia.com.ng//iphone-12-64gb-hdd-4gb-ramwhitedual-sim-apple-mpg8735189.html,https://ng.jumia.is/unsafe/fit-in/300x300/filters:fill(white)/product/71/2894493/1.jpg?3769,2025-03-13,iphone 12,64GB
Apple Iphone 13 Dual Nano Sim 128Gb Storage A15 Bionic Face Id Smart Phones,879800,https://www.jumia.com.ng//apple-iphone-13-dual-nano-sim-128gb-storage-a15-bionic-face-id-smart-phones-404303756.html,https://ng.jumia.is/unsafe/fit-in/300x300/filters:fill(white)/product/65/7303404/1.jpg?1994,2025-03-13,iphone 13,128GB
Apple Iphone 12 128Gb Hdd 4Gb Ram Blue,729304,https://www.jumia.com.ng//iphone-12-128gb-hdd-4gb-ram-blue-apple-mpg8733749.html,https://ng.jumia.is/unsafe/fit-in/300x300/filters:fill(white)/product/51/6694493/1.jpg?2807,2025-03-13,iphone 12,128GB
Apple Iphone 12 128Gb Hdd 4Gb Ram Black,729304,https://www.jumia.com.ng//iphone-12-128gb-hdd-4gb-ram-black-apple-mpg8704102.html,https://ng.jumia.is/unsafe/fit-in/300x300/filters:fill(white)/product/85/4634493/1.jpg?8229,2025-03-13,iphone 12,128GB
Apple Iphone 12 Mini 128Gb Hdd 4 Gb Ram Blue,624771,https://www.jumia.com.ng//iphone-12-mini-128gb-hdd-4-gb-ram-blue-apple-mpg8749763.html,https://ng.jumia.is/unsafe/fit-in/300x300/filters:fill(white)/product/49/2144493/1.jpg?0179,2025-03-13,iphone 12,128GB
Apple Iphone 12 256Gb Hdd 4Gb Ram Black,863903,https://www.jumia.com.ng//iphone-12-256gb-hdd-4gb-ram-black-apple-mpg8703101.html,https://ng.jumia.is/unsafe/fit-in/300x300/filters:fill(white)/product/90/6154493/1.jpg?4411,2025-03-13,iphone 12,256GB
"Apple Iphone 8 4.7-Inch Hd (2Gb,64Gb Rom) Ios 11, 12Mp + 7Mp 4G Smartphone - Space Grey (Mw18)",257990,https://www.jumia.com.ng//apple-iphone-8-4.7-inch-hd-2gb64gb-rom-ios-11-12mp-7mp-4g-smartphone-space-grey-mw18-10462852.html,https://ng.jumia.is/unsafe/fit-in/300x300/filters:fill(white)/product/25/826401/1.jpg?7376,2025-03-13,iphone 8,64GB
"Apple Iphone 8 4.7-Inch Hd (2Gb,64Gb Rom) Ios 11, 12Mp + 7Mp 4G Smartphone - Gold (Mw18)",410000,https://www.jumia.com.ng//apple-iphone-8-4.7-inch-hd-2gb64gb-rom-ios-11-12mp-7mp-4g-smartphone-gold-mw18-10462850.html,https://ng.jumia.is/unsafe/fit-in/300x300/filters:fill(white)/product/05/826401/1.jpg?6796,2025-03-13,iphone 8,64GB
